variant,nodes,length_m,elev_min_m,elev_max_m,min_radius_m,max_slope_pct,mean_width_m
AS1,451,1864.6573259071547,6.135223388671875,18.751144409179688,25.76377056324144,17.222415369124555,5.767251168789507
AS1R,451,1864.657325907155,6.135223388671875,18.751144409179688,25.763770563241884,17.222415369124555,8.799320108225556
AS2,508,3114.7198458688727,11.603424072265625,17.32861328125,30.84075112131615,6.054550253329349,8.298306657006115
AS2R,508,3114.719845868872,11.603424072265625,17.32861328125,30.840751121316163,6.054550253329349,6.600799224455544
AS3,742,5599.885723662133,7.8849945068359375,37.570526123046875,25.07380415357887,8.807775515127346,8.103475906929235
AS3R,742,5599.8857236621225,7.8849945068359375,37.570526123046875,25.07380415357977,8.807775515127346,6.622454047773443
AS4,1035,8124.756422372429,1.232452392578125,37.767974853515625,34.610221338382054,17.682006420268614,7.27354055536182
AS4R,1035,8124.756422372425,1.232452392578125,37.767974853515625,34.610221338380256,17.682006420268724,6.583416826828667
AS5,1139,8796.18137006471,1.3576202392578125,37.60249328613281,25.00655034777661,10.29099709182848,7.404413223022857
AS5R,1139,8796.181370064716,1.3576202392578125,37.60249328613281,25.006550347774223,10.29099709182848,6.637760207580868
AS6,1117,8041.13910134773,1.27001953125,37.629425048828125,26.544173789435927,10.290935119637734,6.726922629003277
AS6R,1117,8041.139101347732,1.27001953125,37.629425048828125,26.544173789435323,10.290935119637734,7.259907794075306
AS7,794,5168.723360844286,1.2466583251953125,18.754074096679688,16.22482912043011,18.292805321485282,5.828847313776402
AS7R,794,5168.723360844284,1.2466583251953125,18.754074096679688,16.224829120431984,18.292805321485815,7.488055371508306
AS8,898,5391.9452092776455,6.1418914794921875,37.654510498046875,27.758991337392583,17.929411529057216,6.910742434690853
AS8R,898,5391.945209277638,6.1418914794921875,37.654510498046875,27.758991337389947,17.929411529057205,7.416981540724997
AS9,516,3869.859923053059,11.296463012695312,21.239273071289062,38.61744078255212,6.102369918420747,8.846508522580686
AS9R,516,3869.8599230530594,11.296463012695312,21.239273071289062,38.61744078255025,6.102369918420747,6.735757451104999
AU1,40,521.0010862597675,2.5,2.65924072265625,1000000.0,1.1919294220088108,210.0
AU2,20,185.00205315074365,2.499969482421875,2.699981689453125,1000000.0,2.0532785268066496,62.0
AU3,146,1303.166268128812,2.49853515625,10.063812255859375,1000000.0,13.497543102178373,70.0
AU4,146,1303.1662834207832,2.49853515625,10.063934326171875,1000000.0,13.498864562469082,70.0
BL1,548,3285.649585264227,0.0249481201171875,15.778244018554688,28.75223925082334,9.688957738042859,6.851037228285377
BL1R,548,3285.649585264229,0.0249481201171875,15.778244018554688,28.752239250822377,9.6889577380429,5.784966208448457
BL2,518,3287.4931279140774,0.0234527587890625,15.804122924804688,27.245250080430058,9.682907119326284,7.571825362151108
BL2R,518,3287.493127914076,0.0234527587890625,15.804122924804688,27.245250080430065,9.682907119326362,5.480238731990578
BL3,528,1835.2145680513318,0.11822509765625,10.715789794921875,24.06943788116817,14.91008543493898,7.710369162525691
BL3R,528,2377.970705281038,0.11822509765625,10.730499267578125,24.06943788116817,14.910085434939191,6.910290115597573
BL4,80,422.0219320293094,8.748046875,10.930465698242188,1000000.0,2.8296641712218467,110.00000762939453
FE1,425,1580.8735163326542,2.0400238037109375,14.311904907226562,24.72123039712188,9.735632309293841,7.432259898971427
FE1R,425,1580.8735163326542,2.0400238037109375,14.311904907226562,24.721230397121793,9.735632309293841,5.803015699864111
FE2,511,3074.3724035315718,2.366424560546875,16.567626953125,47.588439592184,9.004311555540623,4.772263883314001
FE2R,511,3510.461847414743,2.333770751953125,16.567626953125,47.588439592184,9.004311555540633,7.4140128377249095
FE3,664,3506.91553375998,1.17388916015625,16.17535400390625,28.295829642040747,7.63897762145117,6.408180757222442
FE3R,664,4103.89222119189,1.17388916015625,16.17535400390625,28.295829642041415,7.638977621451032,6.406051661774336
FE4,1095,6551.834595506887,1.17034912109375,16.572525024414062,21.515552384155093,8.684668535485907,6.653646679511276
FE4R,1095,6551.834595506899,1.17034912109375,16.572525024414062,21.515552384155118,8.684668535486251,6.560880450061623
FE5,552,2012.0066927246992,2.3673553466796875,12.882553100585938,14.817858422985424,7.477922356255573,6.520159288022503
FE5R,552,2432.461608583053,2.333770751953125,12.882553100585938,14.817858422985083,7.477922356255573,7.258727903599325
FE6,277,739.7264422783145,7.6039276123046875,13.392471313476562,13.624764261559262,9.892419632169913,8.29580434266218
FE6R,277,1000.8215778044137,7.6039276123046875,13.392471313476562,13.624764261559365,9.892419632169913,6.035031704265719
KY1,819,2968.7539738129813,7.6070556640625,10.266555786132812,193.9130596783405,2.505283722784246,8.767614025410598
KY1R,819,2968.75397381298,7.6070556640625,10.266555786132812,193.91305967833725,2.505283722784246,11.858502625449885
KY2,1268,5149.348105624402,4.5410003662109375,13.62371826171875,20.65824180129788,4.419027370165008,9.539080676548513
KY2R,1268,5149.348105624411,4.5410003662109375,13.62371826171875,20.658241801296956,4.419027370165008,6.546202431430156
KY3,954,7431.370126415483,3.3600311279296875,20.767303466796875,28.943198084262978,7.718477524586154,6.478469922749614
KY3R,954,7431.3701264154715,3.3600311279296875,20.767303466796875,28.94319808426063,7.718477524585754,6.733485267380898
KY4,1426,9912.631640556101,3.3621673583984375,20.764480590820312,19.32973101368682,7.693048213445963,6.854112553064064
KY4R,1426,9912.6316405561,3.3621673583984375,20.764480590820312,19.32973101368814,7.6930482134460965,6.528212857245819
KY5,521,3115.858315219461,4.54351806640625,13.618988037109375,23.073877612052133,8.39343857970457,6.553666995459373
KY5R,521,3115.8583152194606,4.54351806640625,13.618988037109375,23.07387761205219,8.393438579704672,6.448783345743855
KY6,711,2979.599985465216,7.6140594482421875,12.788986206054688,72.63161447596752,8.521673158186548,5.938718187673525
KY6R,711,2979.5999854652164,7.6140594482421875,12.788986206054688,72.63161447596761,8.521673158186548,9.821056578647006
KY7,1102,7740.563844619851,3.2989044189453125,20.770172119140625,24.532753222846257,7.941439647760207,6.408280569486893
KY7R,1102,7740.56384461984,3.2989044189453125,20.770172119140625,24.532753222846306,7.941439647760484,7.6374675790060955
KY8,343,2044.6211843199621,17.322113037109375,22.904708862304688,11.971617654294834,7.643264740260314,4.726505896114573
KY8R,343,2044.6211843199615,17.322113037109375,22.904708862304688,11.97161765429485,7.643264740260092,5.297250999588487
RO1,808,3088.280406083543,1.3903045654296875,14.610992431640625,27.621238958669338,8.062417448140346,5.895949732712202
RO10,1097,4045.8528986772844,1.372161865234375,13.756256103515625,21.372063489977343,7.747626542757594,6.693956333822634
RO11,851,2683.7737385263395,1.3858795166015625,13.824813842773438,33.519005818944024,7.795941131939194,7.011394661018647
RO2,698,2689.504847236258,1.61016845703125,9.959976196289062,24.36585678986887,4.796014383935193,6.886298776920452
RO3,604,2348.4588629411546,1.381683349609375,13.715118408203125,179.64494286298805,2.403207895926318,7.923485236360848
RO4,892,3243.8613466501733,1.385650634765625,14.033935546875,30.78824806640584,7.388495210751675,6.834611121393753
RO5,253,1041.1990974317919,1.626922607421875,7.207855224609375,25.950270992403805,4.874475764771708,6.556516903325131
RO6,547,1554.2369473759322,4.1630401611328125,9.965560913085938,19.68171586787152,3.865357360621091,7.394805560829819
RO7,1050,3864.0902280042255,1.36248779296875,13.83892822265625,17.111192928261033,7.808150815309256,7.137056336146612
RO8,982,3554.112937794614,1.3807220458984375,13.76922607421875,21.76408518489139,6.296290341972066,6.875944949550069
RO9,737,2187.0288521063612,1.3811798095703125,13.649429321289062,51.88927831835349,6.248861647763338,7.370386873170783
SO1,592,2020.2830646952223,-2.544097900390625,14.576797485351562,30.302481971656835,10.55476650335772,5.229562381069169
SO1R,592,2020.2830646952204,-2.544097900390625,14.576797485351562,30.302481971656732,10.55476650335781,9.963475368860113
SO2,282,2039.2023435437513,2.3094635009765625,14.543258666992188,27.505625402032898,8.827210857266,6.772136283470384
SO2R,282,2039.2023435437522,2.3094635009765625,14.543258666992188,27.505625402033182,8.8272108572659,7.330744288914593
SO3,293,1331.2559383710934,2.515228271484375,17.307037353515625,30.558960016178403,8.327259053383695,6.37754867153783
SO3R,293,1331.255938371092,2.515228271484375,17.307037353515625,30.558960016178002,8.327259053383695,6.761152420175789
SO4,824,4017.1486403536305,-2.49932861328125,17.263412475585938,16.593561330714955,10.64378973674569,7.058107828348875
SO4R,824,4017.1486403536283,-2.49932861328125,17.263412475585938,16.593561330714927,10.64378973674569,6.953512605811868
SO5,790,3134.63267621841,-2.5539703369140625,17.299209594726562,18.32312704847496,10.754473689876809,6.828144826448482
SO5R,790,3134.632676218414,-2.5539703369140625,17.299209594726562,18.323127048475406,10.75447368987711,7.8317030584034715
SO6,620,2903.7110612559513,-2.5475921630859375,11.075363159179688,32.790501309963524,10.952566943350007,7.55864141998666
SO6R,620,2903.7110612559513,-2.5475921630859375,11.075363159179688,32.79050130996221,10.952566943350007,6.797379757413704
SO7,0,0.0,,,,,
WE1,577,4381.984937353052,0.8853302001953125,34.117645263671875,32.405636013195064,9.664111628486838,6.065714114940675
WE1R,577,4381.984937353053,0.8853302001953125,34.117645263671875,32.405636013195064,9.664111628486683,5.89757336338351
WE2,698,5737.6283678697255,0.8748931884765625,34.121307373046875,45.609034516866494,6.972354139164683,5.237725622800303
WE2R,698,6596.876641242612,0.8748931884765625,34.121307373046875,45.609034516866274,6.972354139164572,6.3468433002324876
WE3,59,831.4488603932933,5.106689453125,27.632232666015625,1000000.0,4.540331324752067,16.523491022950513
WE4,191,481.13450835388534,13.795318603515625,17.355255126953125,9.317308626969089,6.840575206553767,3.7745538422529648
WE4R,191,481.13450835388545,13.795318603515625,17.355255126953125,9.317308626969151,6.840575206553767,3.6545932031899904
WE5,400,1310.1616024191378,17.399978637695312,21.340042114257812,13.533124012037517,4.535709505508834,3.827321574549626
WE5R,400,1310.1616024191376,17.399978637695312,21.340042114257812,13.533124012037355,4.535709505508834,4.412847958810297
WE6,607,5716.701440893671,0.86383056640625,34.12004089355469,37.45570090594557,6.918389210256204,5.134153280905795
WE6R,607,5716.701440893671,0.86383056640625,34.12004089355469,37.455700905946266,6.9183892102560485,6.5755109703791526
WE7,526,4403.723823251845,0.871429443359375,34.116912841796875,30.520078275172164,9.811190236500366,5.318788737075496
WE7R,526,4403.72382325184,0.871429443359375,34.116912841796875,30.52007827517286,9.81119023650059,5.950574416110958
