s_m,x_m,y_m,z_m,dir_x,dir_y,dir_z,heading_rad,slope_pct,curvature_1_per_m,radius_m,width_m
0.0,40.69181823730469,328.96331787109375,0.56207275390625,0.4339912533760071,-0.900917112827301,0.0,-1.121878053599671,-1.6450852940279763,-0.015670858198744718,63.81271448682389,4.866751670837402
2.47652610747745,41.7410888671875,326.7204284667969,0.521331787109375,0.3987092971801758,-0.9170774221420288,0.0,-1.1606873430554394,-0.9726898687255181,-0.023424054986507653,42.69115661553919,5.86575174331665
4.876537018529133,42.62022399902344,324.48724365234375,0.5136260986328125,0.32957950234413147,-0.9441278576850891,0.0,-1.2349381788838845,-0.37567278310580987,-0.028699495516170515,34.8438180537549,6.864751815795898
7.283563983518194,43.339874267578125,322.1903381347656,0.503265380859375,0.26883265376091003,-0.9631868600845337,0.0,-1.2986154522849105,0.582516620503204,-0.027792241605039958,35.98126463533103,7.8637518882751465
9.71865760088248,43.90525817871094,319.8221130371094,0.5424041748046875,0.19985431432724,-0.9798255562782288,0.0,-1.3695870800723788,2.305176522924826,-0.02986927918665666,33.47921433761028,8.862751960754395
12.1609657474736,44.29826354980469,317.4127502441406,0.6157989501953125,0.12614893913269043,-0.992011308670044,0.0,-1.4443103885343176,2.1358396041282326,-0.028799019400186254,34.72340450569413,9.64081859588623
14.614089611188612,44.51914978027344,314.96978759765625,0.6467742919921875,0.06022807955741882,-0.9981846809387207,0.0,-1.5105317779442535,-0.3820623840621387,-0.024003917121770246,41.65986721779898,10.104320526123047
17.086896902843247,44.59883117675781,312.498779296875,0.5963287353515625,0.008362408727407455,-0.9999650716781616,0.0,-1.5624338209120427,-2.5102856005214154,-0.019268025426713464,51.899454036093694,10.521472930908203
19.631831830998255,44.56578063964844,309.9552001953125,0.5201263427734375,-0.03615765646100044,-0.999346137046814,0.0,-1.6069618650975157,2.2898774457858444,-0.017917445592369075,55.81152708653367,10.79957389831543
22.277844974195546,44.400665283203125,307.3223876953125,0.7260894775390625,-0.08463141322135925,-0.9964123964309692,0.0,-1.6555290895101118,9.996395336928138,-0.01066478489195849,93.76654195379267,10.938624382019043
24.93608897273361,44.164306640625,304.6946716308594,1.0509033203125,-0.09241370856761932,-0.9957207441329956,0.0,-1.6633420791518967,11.959509334498255,-0.0006001422641760956,1666.2715820770404,10.984973907470703
27.633627860829087,43.9228515625,302.02655029296875,1.3664093017578125,-0.08764919638633728,-0.9961513876914978,0.0,-1.6585581400712999,11.830911401172854,0.002761125799884967,362.1711115233003,10.984973907470703
30.39813623624588,43.696563720703125,299.291259765625,1.697296142578125,-0.07725337147712708,-0.9970114827156067,0.0,-1.6481267485785014,14.10448944113594,0.004058690497530826,246.384887098035,10.938624382019043
33.22041902601141,43.498931884765625,296.513671875,2.156890869140625,-0.06500756740570068,-0.9978848099708557,0.0,-1.6358497657802133,14.91008543493898,0.0029674926952285574,336.98482277914405,10.869099617004395
36.01741705694886,43.32501220703125,293.7479248046875,2.53582763671875,-0.06054859235882759,-0.9981653094291687,0.0,-1.6313819732968493,9.811318194279439,0.0015234118086007165,656.4213263638278,10.79957389831543
38.798831787965284,43.16253662109375,290.9764404296875,2.7053680419921875,-0.056522782891988754,-0.9984013438224792,0.0,-1.6273492478374718,1.9754201225583856,0.002648680156905059,377.54652912433346,10.730048179626465
41.600295075007004,43.01371765136719,288.1795959472656,2.6444549560546875,-0.045734185725450516,-0.9989535808563232,0.0,-1.6165464735220052,-1.3958807107791793,0.0056590546111567885,176.70796073049138,10.660523414611816
44.53686743920737,42.91813659667969,285.24462890625,2.6274261474609375,-0.023579943925142288,-0.9997219443321228,0.0,-1.5943784566348091,-2.2866773487797643,0.005330914261331754,187.58508409215773,10.604903221130371
47.51463063054686,42.86328125,282.269775390625,2.5077972412109375,-0.014404838904738426,-0.999896228313446,0.0,-1.5852016641513171,-7.19066643231781,0.0023767630688732444,420.7402972119015,10.549283027648926
50.542885610923065,42.827606201171875,279.2582092285156,2.19232177734375,-0.009378908202052116,-0.9999560117721558,0.0,-1.5801753725530303,-10.815146930441639,0.004013651866820511,249.14966050410558,10.49366283416748
53.69615978214978,42.827178955078125,276.1248779296875,1.8382415771484375,0.011005649343132973,-0.9999394416809082,0.0,-1.5597904553268007,-10.902853391158477,0.007471028318914996,133.85038274694,10.438042640686035
57.01268033995354,42.9112548828125,272.8279724121094,1.4880218505859375,0.039283931255340576,-0.9992280602455139,0.0,-1.5315022834028513,-10.178897740917325,0.00948236991470508,105.45886829928655,10.38242244720459
60.42654185276746,43.101348876953125,269.4358215332031,1.1539154052734375,0.07494374364614487,-0.9971877336502075,0.0,-1.4957822486214558,-8.286343085002157,0.013203075338106773,75.73992985662936,10.614173889160156
63.92582523967363,43.46144104003906,265.963134765625,0.9177703857421875,0.1306680291891098,-0.9914261698722839,0.0,-1.439753569629054,-4.117815080228048,0.0183025749116065,54.63712099688521,10.892273902893066
67.465021856958,44.053619384765625,262.4742126464844,0.8661956787109375,0.2026078999042511,-0.9792599678039551,0.0,-1.366776007431859,-0.4001968134513423,0.017746430737319796,56.349359192384156,10.03139877319336
71.01441325307839,44.8731689453125,259.02081298828125,0.889617919921875,0.25396862626075745,-0.967212438583374,0.0,-1.3140151047390938,0.9544912094632707,0.014240209556753813,70.22368568485864,9.03239917755127
74.59682045092416,45.86891174316406,255.57986450195312,0.9344635009765625,0.30080553889274597,-0.9536855220794678,0.0,-1.2652591337697587,1.4330253943850526,0.012521664079574474,79.86158977313686,8.03339958190918
78.23114889767,47.03961181640625,252.13975524902344,0.99322509765625,0.3401091396808624,-0.9403859972953796,0.0,-1.2237633825010927,2.0235010045757797,0.008641494311355274,115.72072652827642,7.034399509429932
81.93354000818017,48.340576171875,248.6746368408203,1.0834808349609375,0.3602687418460846,-0.9328485727310181,0.0,-1.2022403670738302,2.077165994181787,0.0027520394899692435,363.3668788710499,6.035399436950684
85.69348442156068,49.697540283203125,245.16868591308594,1.1478118896484375,0.359017014503479,-0.9333310127258301,0.0,-1.203581847576356,0.35907122808038483,-0.0019545173436189,511.6352654862827,5.0363993644714355
89.51185740929215,51.04811096191406,241.59735107421875,1.109100341796875,0.34623590111732483,-0.9381474852561951,0.0,-1.217240477353853,-1.699086856013357,-0.005500244967829582,181.81008406878357,4.0373992919921875
93.40613730407331,52.34886169433594,237.92791748046875,1.015716552734375,0.3188331425189972,-0.9478108286857605,0.0,-1.2462981926476067,-1.2739753268324605,-0.008981090021613874,111.34505918473168,3.0383992195129395
97.38264191041571,53.535552978515625,234.1326141357422,1.0106964111328125,0.2788679599761963,-0.9603294134140015,0.0,-1.2881812120848324,1.1141595241175999,-0.009713664773540437,102.94775692938804,2.0393991470336914
101.40687201306994,54.582427978515625,230.24810791015625,1.106048583984375,0.24436067044734955,-0.9696844220161438,0.0,-1.3239360081890001,2.386280073701097,-0.008169833824932804,122.40151041361295,1.0660499334335327
105.42998878869959,55.50056457519531,226.3323516845703,1.202728271484375,0.21517208218574524,-0.9765761494636536,0.0,-1.353928290749209,2.4094159561170225,-0.007895378975948414,126.65636482381485,0.41715002059936523
109.40945613802555,56.29139709472656,222.43344116210938,1.298858642578125,0.18268342316150665,-0.9831717610359192,0.0,-1.3870812054744484,2.932539484782981,-0.010247945249736545,97.58053693990101,0.6025500893592834
113.38083068682602,56.92475891113281,218.51528930664062,1.4358062744140625,0.13500572741031647,-0.9908448457717896,0.0,-1.4353770877354406,3.8017442801098755,-0.011661868967928118,85.74954861439015,1.3441497087478638
117.36998504165537,57.369232177734375,214.554443359375,1.60162353515625,0.09077314287424088,-0.9958716034889221,0.0,-1.4798980618598248,4.380036959498201,-0.010959318528526468,91.24654944530157,2.2247989177703857
121.38734711052516,57.64430236816406,210.55078125,1.78662109375,0.04766659811139107,-0.9988633394241333,0.0,-1.5231116614197078,4.766554057654029,-0.010313805315613128,96.95742448097128,3.0127482414245605
125.43379973370999,57.7547607421875,206.51075744628906,1.986083984375,0.0077554346062242985,-0.9999699592590332,0.0,-1.5630408146991763,4.876987757864387,-0.009414964838326656,106.21388578416958,3.8006975650787354
129.512419413895,57.70719909667969,202.43716430664062,2.1828460693359375,-0.028779389336705208,-0.9995858073234558,0.0,-1.5995796898155477,4.656099626579649,-0.008545606376028081,117.0191974679731,4.4496002197265625
133.62171688480163,57.520050048828125,198.33627319335938,2.367218017578125,-0.062149688601493835,-0.9980668425559998,0.0,-1.6329860946432126,4.2779243281355015,-0.008149222702504788,122.71108994145352,5.005802154541016
137.73674916847386,57.191925048828125,194.23776245117188,2.5346527099609375,-0.09565898776054382,-0.995414137840271,0.0,-1.6666018112945093,3.9700188900821223,-0.008496023868737768,117.70211753754965,5.376603603363037
141.83887412827875,56.725830078125,190.16529846191406,2.6934661865234375,-0.13161155581474304,-0.9913013577461243,0.0,-1.7027908300629857,3.7526296288703187,-0.008798819169173244,113.65161401469763,5.701054573059082
145.96535645099914,56.10356140136719,186.08876037597656,2.8433837890625,-0.1674143224954605,-0.9858866930007935,0.0,-1.7390027053251642,3.4922477108370433,-0.008852946883500384,112.95673781390722,5.979155540466309
150.12398173950325,55.330535888671875,182.00498962402344,2.9827117919921875,-0.20390699803829193,-0.9789902567863464,0.0,-1.7761434469055115,3.185206117395578,-0.008612380261174224,116.11191908329168,6.210906505584717
154.31741767784445,54.40074157714844,177.9178924560547,3.1092987060546875,-0.23781456053256989,-0.9713106155395508,0.0,-1.8109115560184357,2.3857123499538337,-0.00780960468182651,128.04745447961906,6.442657470703125
158.54249687723788,53.335968017578125,173.82984924316406,3.1831512451171875,-0.26775461435317993,-0.9634870886802673,0.0,-1.841858136332058,1.1243963231255039,-0.007509900825145799,133.15755071646845,6.674407958984375
162.81229051512693,52.127960205078125,169.73455810546875,3.204254150390625,-0.29927006363868713,-0.9541684985160828,0.0,-1.874723876732481,-0.11670655517400097,-0.007589510121071202,131.76080986092123,6.8134589195251465
167.13744275210865,50.76751708984375,165.62905883789062,3.1724395751953125,-0.32997891306877136,-0.9439883232116699,0.0,-1.9070775571920155,-1.31929429342314,-0.0068043722881971636,146.9643278829108,6.906158924102783
171.52609107782595,49.254608154296875,161.51028442382812,3.0885467529296875,-0.35520467162132263,-0.9347885251045227,0.0,-1.9339293449763384,-1.401723018283002,-0.006180820417486854,161.79081941465046,6.859808921813965
175.97946162548763,47.6068115234375,157.3731689453125,3.049163818359375,-0.3810579180717468,-0.9245511293411255,0.0,-1.9617366191578451,-1.3712958356955296,-0.006088685492835116,164.23906295977247,6.720758438110352
180.46763625590714,45.8472900390625,153.2451171875,2.9655914306640625,-0.40553534030914307,-0.9140793681144714,0.0,-1.9883607412583921,-2.4945081397317272,-0.005643779440824753,177.1862296330037,6.442657470703125
185.01875946823628,43.95149230957031,149.110107421875,2.8228759765625,-0.42767539620399475,-0.9039323925971985,0.0,-2.0127158742345466,-2.6198793346782043,-0.004839798743837498,206.6201618968758,6.11820650100708
189.63530749747736,41.92559814453125,144.96295166015625,2.7260894775390625,-0.44561997056007385,-0.8952222466468811,0.0,-2.0326629937071323,-1.6961375014256819,-0.0038691858014376634,258.45230788049327,5.608354568481445
194.31300293542557,39.81103515625,140.79092407226562,2.6657257080078125,-0.45984897017478943,-0.8879971504211426,0.0,-2.0486214348817575,-1.3181049492475894,-0.0022483746510814917,444.7657331125796,5.052152156829834
199.0467941182844,37.62196350097656,136.59417724609375,2.6020050048828125,-0.46434590220451355,-0.8856539130210876,0.0,-2.053692254784085,-1.147903727149352,0.00013161991406304696,7597.634500209385,4.403249740600586
203.8389041138459,35.40678405761719,132.34503173828125,2.556610107421875,-0.45860981941223145,-0.8886377811431885,0.0,-2.0472264787661856,-0.04324886618720103,0.0022779588605280066,438.9894906917725,3.754347324371338
208.68658187864943,33.21589660644531,128.02088928222656,2.598846435546875,-0.444694459438324,-0.8956823945045471,0.0,-2.0316294043765755,2.098900425952671,0.0036762413104348413,272.01696394672086,3.1517977714538574
213.56893608108444,31.091094970703125,123.62815856933594,2.761688232421875,-0.4265078008174896,-0.9044838547706604,0.0,-2.0114245997567233,3.94894709334066,0.004415307025204901,226.48481618412325,2.6419484615325928
218.45132292647833,29.060760498046875,119.19354248046875,2.9844512939453125,-0.40567639470100403,-0.9140167832374573,0.0,-1.9885150565461869,4.659106481004577,0.005205826829601301,192.09244424225056,2.271148920059204
223.26586441850674,27.169357299804688,114.77200317382812,3.213348388671875,-0.3803890347480774,-0.9248265027999878,0.0,-1.9610132689552793,4.316792784231644,0.005936742212968027,168.4425504977515,1.993049144744873
228.00068919860166,25.435821533203125,110.36978149414062,3.397369384765625,-0.353268027305603,-0.9355220794677734,0.0,-1.9318584284746325,4.519495529747458,0.007819087423729859,127.89216257707223,1.9003492593765259
232.62680877030218,23.892333984375,106.01522827148438,3.6350555419921875,-0.31207847595214844,-0.9500563144683838,0.0,-1.888176319126757,6.285793796691685,0.010458543117533192,95.61561192242475,1.9003492593765259
237.06840755278785,22.632293701171875,101.76876831054688,3.96319580078125,-0.26344773173332214,-0.964673638343811,0.0,-1.837390791169887,5.874418000393177,0.007882158102454129,126.86880762879491,2.132098913192749
241.3874527734373,21.541122436523438,97.59416198730469,4.153350830078125,-0.24495050311088562,-0.9695356488227844,0.0,-1.818264951258771,0.5212725216145464,0.002453801642331388,407.5309033740345,2.5028984546661377
245.67093212270407,20.498382568359375,93.44198608398438,4.0107879638671875,-0.24289169907569885,-0.9700534343719482,0.0,-1.8161420341039118,-5.9308829691483265,0.0008924569025389184,1120.5022866147779,2.920048236846924
249.95487749637536,19.46343994140625,89.30104064941406,3.64520263671875,-0.237529918551445,-0.9713802337646484,0.0,-1.8106185240230723,-8.506619552257334,0.008894783932748757,112.42544029857844,3.198148012161255
254.17471599797582,18.591064453125,85.18789672851562,3.2873687744140625,-0.1698468029499054,-0.9854704737663269,0.0,-1.7414705388567266,-7.588416164499123,0.015944913481244882,62.71592512409958,3.244497776031494
258.31129813111426,18.02752685546875,81.09930419921875,3.009613037109375,-0.10630575567483902,-0.9943335056304932,0.0,-1.6773033311387686,-5.347759296573246,0.01634614708675361,61.176495885710445,3.244497776031494
262.35497925631734,17.742568969726562,77.06893920898438,2.8473968505859375,-0.03710313141345978,-0.9993115067481995,0.0,-1.6079079740322972,-4.086805412049915,0.015421108102741776,64.84618312365026,3.244497776031494
266.31810515998154,17.700668334960938,73.10946655273438,2.6825103759765625,0.01724356971681118,-0.9998513460159302,0.0,-1.553551902900659,-3.9913061506661185,0.015411659111143672,64.88594075357743,3.1517977714538574
270.2035921076057,17.893768310546875,69.23162841796875,2.53387451171875,0.08349039405584335,-0.9965085983276367,0.0,-1.4872086315748172,-3.302558153663515,0.018242535864420123,54.816940332861286,3.0127482414245605
273.9974796119356,18.348770141601562,65.46661376953125,2.427947998046875,0.15647853910923004,-0.9876813888549805,0.0,-1.413672075180885,-2.442376384154288,0.019991330433053345,50.02168331661489,2.8736982345581055
277.69186385431215,19.070999145507812,61.84434509277344,2.3502960205078125,0.231061652302742,-0.972939133644104,0.0,-1.3376276097804352,-2.1193936690497295,0.01981394420841301,50.46950720570817,2.7346484661102295
281.29433455181714,20.021759033203125,58.370452880859375,2.2733306884765625,0.29728084802627563,-0.9547900557518005,0.0,-1.26895283866382,-2.1264735380877586,0.020708032109982427,48.29044086318295,2.5955984592437744
284.79479382616245,21.194671630859375,55.07318115234375,2.1992340087890625,0.3708513677120209,-0.9286922216415405,0.0,-1.1908707313378606,-2.08974543792968,0.023186226634807267,43.12905311202279,2.4565486907958984
288.1866062448059,22.578704833984375,51.977386474609375,2.129241943359375,0.445256769657135,-0.8954029083251953,0.0,-1.109335311876261,-2.028716366817779,0.025122478036072704,39.804990517421345,2.4565486907958984
291.5004850129914,24.180923461914062,49.07733154296875,2.063140869140625,0.5211707949638367,-0.8534523844718933,0.0,-1.0225741067338945,-1.9341363181700377,0.02680780219706211,37.30257305873403,2.5028984546661377
294.79328521859065,26.0242919921875,46.34956359863281,2.001434326171875,0.5960279703140259,-0.8029637336730957,0.0,-0.9322511019956659,-1.719586919218552,0.027380268576291084,36.52265123746494,2.6419484615325928
298.06702673428754,28.08941650390625,43.80987548828125,1.950164794921875,0.6653912663459778,-0.7464948296546936,0.0,-0.8427785233846266,-1.505894236335853,0.027186380624087847,36.78312364662377,2.8736982345581055
301.33005444176626,30.36785888671875,41.47453308105469,1.902984619140625,0.7285888195037842,-0.6849513649940491,0.0,-0.7545369254656332,-1.5186843139863904,0.025502767679524557,39.211430404978024,3.1517977714538574
304.60748800635224,32.843414306640625,39.32733154296875,1.8508148193359375,0.7800672054290771,-0.6256957650184631,0.0,-0.6760231296645608,-1.622585575247909,0.022887773013444412,43.69145042694167,3.476247787475586
307.9054860938293,35.489166259765625,37.359130859375,1.7962799072265625,0.823022723197937,-0.5680084228515625,0.0,-0.6040840062727336,-1.6784154770644377,0.021609155037568356,46.276682186853726,3.893397808074951
311.2419988096371,38.30377197265625,35.56829833984375,1.73944091796875,0.8614528179168701,-0.5078375935554504,0.0,-0.5326727482713275,-1.711790408542374,0.020969022126949594,47.68939600262952,4.310549259185791
314.6234830094958,41.275634765625,33.95613098144531,1.6812744140625,0.8946033716201782,-0.44686102867126465,0.0,-0.46325347325810445,-1.7344216283561171,0.020087296960587787,49.78270605358434,4.820401191711426
318.0531993730594,44.39515686035156,32.532073974609375,1.6212921142578125,0.9226509928703308,-0.38563603162765503,0.0,-0.395897074937125,-1.7912981406603856,0.019516600052358744,51.238432786306014,5.330253601074219
321.53202660849684,47.64971923828125,31.304885864257812,1.5574798583984375,0.9465485215187073,-0.3225614130496979,0.0,-0.32843430503362403,-1.927470060132641,0.019099498923755717,52.35739450505754,5.8401055335998535
325.0513894315207,51.01690673828125,30.283660888671875,1.486328125,0.965806782245636,-0.2592630088329315,0.0,-0.26225903470300144,-1.7404728897792265,0.019337421685426442,51.71320232177826,6.34995698928833
328.6141104136911,54.48780822753906,29.481704711914062,1.4344635009765625,0.9817315936088562,-0.1902712732553482,0.0,-0.1914384526644351,-0.24965742937989865,0.02145206407367045,46.61556093464063,6.859808921813965
332.21946997630573,58.05323791503906,28.94775390625,1.4694671630859375,0.9941354393959045,-0.10814199596643448,0.0,-0.10835389622342356,1.1955215109344137,0.020394376326767032,49.0331248172335,7.323310852050781
335.838203236345,61.66175842285156,28.680984497070312,1.5208892822265625,0.9990242719650269,-0.04416423663496971,0.0,-0.04417860669497179,0.6059832216226274,0.016350780753006337,61.1591590093418,7.833162784576416
339.4558439222035,65.2789306640625,28.623260498046875,1.513336181640625,0.9999502897262573,0.009969324804842472,0.0,0.009969490102569725,-2.2198432471849774,0.013177245887546018,75.88839189417514,8.250313758850098
343.0590770522413,68.87698364257812,28.742218017578125,1.361175537109375,0.9986985325813293,0.05100197717547417,0.0,0.05102411517356642,-7.2731850857660705,0.010046274011902655,99.53939130220985,8.621115684509277
346.6674411037789,72.45843505859375,28.975921630859375,0.9885101318359375,0.9966065883636475,0.08231209963560104,0.0,0.08240533320037985,-9.002613730869639,0.0185705496095699,53.84870243606971,8.76016616821289
350.30820903243176,76.05776977539062,29.447189331054688,0.7094268798828125,0.9826986193656921,0.1852116584777832,0.0,0.18628724901942006,-5.383879245105712,0.02719184605644736,36.77573041286374,8.899216651916504
353.93241651521424,79.57722473144531,30.304855346679688,0.59661865234375,0.9610560536384583,0.27635347843170166,0.0,0.27999774433314256,-1.6589090076758641,0.023750126647937485,42.105038630892615,9.17731761932373
357.55949419907245,83.01815795898438,31.451858520507812,0.5892181396484375,0.9364262819290161,0.3508644700050354,0.0,0.35849409200831484,0.46558226056665347,0.02089430167800363,47.85993882019732,9.455418586730957
361.1879101859414,86.364990234375,32.85272216796875,0.6304168701171875,0.9083000421524048,0.41831937432289124,0.0,0.43159421688945077,1.021310651377988,0.018467970948151086,54.14780014585818,9.7335205078125
364.81981427349314,89.614013671875,34.47552490234375,0.663360595703125,0.8811224699020386,0.47288820147514343,0.0,0.492565756365973,0.17630192322010962,0.016157370609776976,61.891258432537946,9.96527099609375
368.45915294163586,92.77018737792969,36.28741455078125,0.64312744140625,0.8530107140541077,0.5218932628631592,0.0,0.5490689979099135,-0.5492977277389982,0.016713792699867364,59.830824634311504,10.104320526123047
372.12629494770727,95.83099365234375,38.30706787109375,0.62322998046875,0.8169170022010803,0.576755166053772,0.0,0.614751078562079,-0.40167811782440555,0.016851759087243623,59.34098599575732,10.15067195892334
375.822938037914,98.78341674804688,40.53153991699219,0.6136322021484375,0.7818934321403503,0.623412013053894,0.0,0.6730989830374465,-0.10126092134722514,0.014305818678478438,69.90162691663303,10.197021484375
379.5661394001089,101.65220642089844,42.93603515625,0.6158447265625,0.7511158585548401,0.6601704359054565,0.0,0.7210456320883875,0.4311546705598496,0.0125575259234766,79.6335206547713,10.057971000671387
383.36957659305244,104.44827270507812,45.514251708984375,0.6466217041015625,0.7194157242774963,0.6945797204971313,0.0,0.7678355536282798,2.6288565546095364,0.01253700994365435,79.76383559511758,9.872570037841797
387.2303385409249,107.15293884277344,48.26387023925781,0.819427490234375,0.6842957139015198,0.7292046546936035,0.0,0.8171589186182191,5.795423844598573,0.012105970468204413,82.60386910958015,9.501769065856934
391.1115203628177,109.73454284667969,51.14874267578125,1.0958404541015625,0.6512757539749146,0.7588410973548889,0.0,0.8615318784145144,7.619697299291468,0.01160397840745607,86.17734064012527,8.99191665649414
394.99261592814906,112.17926025390625,54.146575927734375,1.410888671875,0.615928590297699,0.78780198097229,0.0,0.9072321882902497,7.9408335530651994,0.011839371955837563,84.46393978752702,8.389365196228027
398.8416906857572,114.46719360351562,57.227386474609375,1.7097930908203125,0.5792009830474854,0.8151847720146179,0.0,0.9530481414027099,7.687305651224549,0.012086406589321794,82.73757734441011,7.647761821746826
402.6905805292526,116.61148071289062,60.410186767578125,2.002655029296875,0.5400726795196533,0.8416183590888977,0.0,1.0002728505820846,5.790573838934277,0.009408016676761069,106.29232859143629,6.859808921813965
406.5187459957268,118.62445068359375,63.662811279296875,2.15509033203125,0.518763542175293,0.8549177646636963,0.0,1.0253922995025777,-0.551482578526663,0.0033437923360371824,299.06163406819894,6.210906505584717
410.32828401627665,120.59963989257812,66.91458129882812,1.96221923828125,0.5183026194572449,0.8551972508430481,0.0,1.0259313378049812,-4.381689658890092,0.0043061925824022795,232.22370594538847,5.608354568481445
414.1855530733181,122.5677490234375,70.22891235351562,1.8198089599609375,0.48991236090660095,0.8717716932296753,0.0,1.0588071083917758,-2.171525141194963,0.013072939148018409,76.49389235867281,5.005802154541016
418.1188230012455,124.3543701171875,73.73291015625,1.795379638671875,0.4280385375022888,0.9037604331970215,0.0,1.1284749813421697,0.6577854457370635,0.012653325369236856,79.0306082250307,4.635000705718994
422.0742715376095,125.99092102050781,77.33309936523438,1.8722686767578125,0.40080535411834717,0.9161632061004639,0.0,1.158400588195214,2.92704927952476,0.006912706854937251,144.66113217078947,4.4496002197265625
426.08189201928974,127.54827880859375,81.02239990234375,2.0294952392578125,0.377730131149292,0.9259157776832581,0.0,1.1834527613876225,4.492347641863089,0.005615750417201304,178.07059176578676,4.403249740600586
430.1299279134336,129.0369873046875,84.78115844726562,2.234619140625,0.359011709690094,0.9333330392837524,0.0,1.2035875262920765,5.219642702187563,0.004776016858395016,209.3794954350414,4.4496002197265625
434.2156292514106,130.46484375,88.60293579101562,2.45416259765625,0.34149932861328125,0.9398819804191589,0.0,1.222284646995122,5.496730669806721,0.005015733314180398,199.37264151840301,4.588650226593018
438.343259207955,131.82589721679688,92.4927978515625,2.686187744140625,0.32023343443870544,0.9473387002944946,0.0,1.2448204500902496,5.721279615313896,0.005710916214277245,175.1032518214867,4.774051189422607
442.5035914677551,133.10670471191406,96.44364929199219,2.92840576171875,0.296631395816803,0.9549921154975891,0.0,1.2696329976933303,5.8877393914579805,0.005465677225923199,182.959944150579,5.0985026359558105
446.6976313445724,134.30296325683594,100.45570373535156,3.1781158447265625,0.27668941020965576,0.9609593749046326,0.0,1.2904490156697666,5.91105955062638,0.003505041327133085,285.3033407220737,5.515653610229492
450.92982591193953,135.4528350830078,104.5211181640625,3.42645263671875,0.26840877532958984,0.9633051156997681,0.0,1.299055517418552,5.467293446758914,0.0001364444647683205,7328.989136334526,6.025505542755127
455.1982491479146,136.61102294921875,108.62371826171875,3.642578125,0.2757073640823364,0.9612416625022888,0.0,1.2914708282516072,4.762434049377317,-0.0036199629005032874,276.2459250234219,6.489007472991943
459.4991742633099,137.84405517578125,112.73963928222656,3.8343658447265625,0.2982720732688904,0.9544809460639954,0.0,1.267914534113239,4.325915935905689,-0.0068499602799719506,145.98624796757142,6.906158924102783
463.76833520707646,139.1884765625,116.78762817382812,4.013397216796875,0.33154746890068054,0.9434385299682617,0.0,1.2328529770837502,4.195359114864139,-0.00904225896901148,110.59183368083985,7.137909889221191
468.0339113543768,140.6890869140625,120.77651977539062,4.1924285888671875,0.3709661066532135,0.9286463856697083,0.0,1.1907471758388752,4.101546741994633,-0.009840305666157428,101.62285948486122,7.276960849761963
472.30742893388333,142.35751342773438,124.70716857910156,4.363616943359375,0.40955859422683716,0.9122838377952576,0.0,1.148826173782476,3.7395743941925073,-0.00988149885692488,101.19922235271095,7.276960849761963
476.56820086597816,144.183349609375,128.55406188964844,4.5116424560546875,0.4478675425052643,0.8940998911857605,0.0,1.1064174368012998,3.6672770149554057,-0.010262904986922422,97.43829853966854,7.230610370635986
480.75906566243657,146.14242553710938,132.25531005859375,4.6732940673828125,0.48701217770576477,0.8733951449394226,0.0,1.0621307612788016,4.516213402515135,-0.010694710881791303,93.5041639790926,7.137909889221191
484.83270645126424,148.20188903808594,135.76373291015625,4.88336181640625,0.5250177383422852,0.8510912656784058,0.0,1.018060362109412,6.12464296641696,-0.011076766843931746,90.27905110667164,7.045209884643555
488.703154061048,150.30148315429688,139.00375366210938,5.156005859375,0.5617983341217041,0.8272742033004761,0.0,0.9742383124130383,7.417014810357259,-0.011571863942821337,86.41650169248274,6.906158924102783
492.3633260793051,152.41639709472656,141.9774932861328,5.4403839111328125,0.5970166921615601,0.8022288680076599,0.0,0.9310191935215907,7.876388951450086,-0.012187514631353619,82.05118354708667,6.581707954406738
495.8206564618046,154.53538513183594,144.6953887939453,5.7161865234375,0.6312415599822998,0.7755863070487976,0.0,0.8876433650255349,7.954443461100514,-0.014192748677258837,70.45851531228116,6.164556503295898
499.06862990380483,156.6400604248047,147.15573120117188,5.973846435546875,0.6700493097305298,0.7423166036605835,0.0,0.8365211224294302,7.752823387485764,-0.01815426769224976,55.08346670611837,5.701054573059082
502.18232781376855,158.79620361328125,149.38966369628906,6.209869384765625,0.7159678339958191,0.6981332898139954,0.0,0.7727869021660924,7.263533169015424,-0.02128849457626235,46.97373017230848,5.191202640533447
505.21286107189366,161.0329132080078,151.423583984375,6.420654296875,0.7610577344894409,0.6486841440200806,0.0,0.7058541794581566,6.510285146994832,-0.022772668496998327,43.91228898500895,4.635000705718994
508.1962033062302,163.3673553466797,153.2723388671875,6.601806640625,0.8045380115509033,0.5939012169837952,0.0,0.635899202489065,5.889153605449549,-0.02485421641171133,40.23462190217347,4.0324482917785645
511.1283237340968,165.7898406982422,154.915771484375,6.7692108154296875,0.8478003144264221,0.5303155779838562,0.0,0.5589727580923913,5.614482470345017,-0.026823082274475926,37.28132321882975,3.522597551345825
514.0068731121639,168.2873992919922,156.3380889892578,6.9281463623046875,0.8869480490684509,0.46186918020248413,0.0,0.48010147898199734,5.4257187448858435,-0.02632092821083598,37.99258111225398,3.1517977714538574
516.8766525587797,170.8785858154297,157.56201171875,7.08111572265625,0.9180539846420288,0.3964552879333496,0.0,0.40765251575092143,5.248951955903536,-0.025087468532442155,39.860538288541875,2.7346484661102295
519.7557885850184,173.55853271484375,158.60372924804688,7.229888916015625,0.9441210627555847,0.32959890365600586,0.0,0.335878704698708,5.09272470402149,-0.023950568265094542,41.75266277324183,2.3638486862182617
522.6455353284648,176.3150634765625,159.45880126953125,7.3748931884765625,0.9639027714729309,0.26625463366508484,0.0,0.26950529588595246,4.964300285615941,-0.023295365220822387,42.92699386855534,1.9003492593765259
525.5409286891406,179.12754821777344,160.13186645507812,7.5170745849609375,0.9798458218574524,0.19975517690181732,0.0,0.20110805916744298,5.088595283777253,-0.02470845099841191,40.471982645301125,1.3441497087478638
528.4112393885314,181.95584106445312,160.59727478027344,7.6681976318359375,0.9919339418411255,0.1267559975385666,0.0,0.12709790683992722,5.252731756064932,-0.026485350841600815,37.7567209126522,0.8806501030921936
531.2442838811348,184.77413940429688,160.8448486328125,7.8166656494140625,0.9987450242042542,0.05008361488580704,0.0,0.05010457678638546,4.6913549772276575,-0.02688436853526669,37.196335807114394,0.8343001008033752
534.0503825093742,187.57766723632812,160.8744659423828,7.93304443359375,0.9996993541717529,-0.02452012710273266,0.0,-0.024522584400487737,3.0834348003839773,-0.02496263446231406,40.059874349788444,0.9270000457763672
536.8582343730058,190.3797149658203,160.70315551757812,7.9897308349609375,0.9959502220153809,-0.08990713208913803,0.0,-0.09002869289130452,0.7178425215265127,-0.021034011664851398,47.54204837068891,1.112399935722351
539.703704470631,193.20492553710938,160.36463928222656,7.9726409912109375,0.9897556900978088,-0.14277121424674988,0.0,-0.14326075427959642,-0.8385031488590267,-0.019445432672873582,51.425957798049,1.3904995918273926
542.6101288551707,196.06777954101562,159.8642578125,7.9412078857421875,0.9796738028526306,-0.20059740543365479,0.0,-0.2019676750489472,-0.6378650534532238,-0.022643656139567436,44.16247949696621,1.4471484422683716
545.5866677538671,198.95989990234375,159.16041564941406,7.9357452392578125,0.9619295001029968,-0.27329760789871216,0.0,-0.27681949602591915,-0.09600633456730012,-0.024223478627301093,41.28226236148218,0.8343001008033752
548.6302699320574,201.8543701171875,158.21937561035156,7.935546875,0.9401687383651733,-0.34070920944213867,0.0,-0.3476711332626392,-0.013952149493956512,-0.02175494528660625,45.966560100505724,1.0196999311447144
551.7444217457335,204.7464141845703,157.0643768310547,7.93487548828125,0.9168960452079773,-0.3991261422634125,0.0,-0.41056357960823897,-0.025512006239147844,-0.02041051913099734,48.9943442193641,1.5758994817733765
554.9434836935761,207.63461303710938,155.6887664794922,7.933929443359375,0.888576328754425,-0.4587288200855255,0.0,-0.4765640831285156,-0.040851192807167536,-0.02147083510959758,46.57480693673599,2.3638486862182617
558.2074750725349,210.47607421875,154.08261108398438,7.932220458984375,0.852816641330719,-0.5222104787826538,0.0,-0.5494408717686127,-0.11753702121963805,-0.02219090483282854,45.063507213127735,3.1517977714538574
561.5275691476357,213.23814392089844,152.24034118652344,7.926116943359375,0.8123326897621155,-0.5831943154335022,0.0,-0.6226554376833192,-0.2424291709557158,-0.022335841456714245,44.771091428901414,3.7079973220825195
564.8985280653997,215.8976593017578,150.16905212402344,7.9159393310546875,0.7655373215675354,-0.643391489982605,0.0,-0.6989202714744048,-0.15128064952545373,-0.02220254631829248,45.03987901496276,4.403249740600586
568.3237049491503,218.43186950683594,147.8647918701172,7.9160003662109375,0.7154691815376282,-0.6986442804336548,0.0,-0.7735008809514518,0.0011154173660488098,-0.020944088736020564,47.74616898371692,5.402249813079834
571.799891018943,220.83029174804688,145.3485565185547,7.916015625,0.6649438738822937,-0.7468934059143066,0.0,-0.8433777086886679,0.00022124547611745982,-0.019956930683377866,50.10790566271297,6.401249885559082
575.3325842454268,223.08241271972656,142.62681579589844,7.916015625,0.6110894680023193,-0.7915615439414978,0.0,-0.9133601190763051,-0.00021111367396464686,-0.0195062282281811,51.265677213561816,7.40024995803833
578.9191282643078,225.1713409423828,139.71139526367188,7.9160003662109375,0.5551822781562805,-0.8317286968231201,0.0,-0.9822142165940059,-0.0006300746275611502,-0.01819762853213301,54.952215242454244,8.399250030517578
582.5613608919373,227.09280395507812,136.6172332763672,7.9159698486328125,0.5020797252655029,-0.8648213744163513,0.0,-1.0447944393590607,0.00018772810281841856,-0.015635570263700493,63.956733469555495,9.398249626159668
586.2737137922429,228.8685302734375,133.35711669921875,7.916015625,0.4562780261039734,-0.8898373246192932,0.0,-1.0969884196492214,2.939672665291937e-05,-0.011978231782200782,83.48477623266263,10.397249221801758
590.0767307532319,230.5355224609375,129.9389190673828,7.9159698486328125,0.4226461350917816,-0.9062948226928711,0.0,-1.1344332729936801,-0.00061005155397309,-0.008252759862716036,121.17158582521674,11.396248817443848
593.984923784004,232.14151000976562,126.37594604492188,7.9159698486328125,0.39907604455947876,-0.9169178605079651,0.0,-1.1602873886274339,-0.00018845806177836266,-0.007245201798512374,138.0223805781815,12.375479698181152
597.9858052748167,233.68043518066406,122.68287658691406,7.91595458984375,0.3699377775192261,-0.9290564656257629,0.0,-1.1918542560532626,-0.0001926147729203187,-0.008785308841730066,113.82639108257835,12.838981628417969
602.068155109991,235.1119842529297,118.85975646972656,7.91595458984375,0.3328722417354584,-0.94297194480896,0.0,-1.2314484397589671,-0.00018155688493726174,-0.009583342746860651,104.34772358815862,13.163433074951172
606.2298945051739,236.41531372070312,114.90736389160156,7.9159393310546875,0.29547688364982605,-0.955349862575531,0.0,-1.2708416669744786,0.00017103786192906867,-0.007961314638111089,125.6073959460119,13.395183563232422
610.4729831413792,237.6093292236328,110.83573913574219,7.9159698486328125,0.26931485533714294,-0.9630521535873413,0.0,-1.2981147885029412,0.0005377663817252021,-0.005070766256498271,197.2088535373689,13.441534042358398
614.7981115371958,238.74026489257812,106.66108703613281,7.915985107421875,0.2539210319519043,-0.9672248959541321,0.0,-1.3140643023315646,0.00017799760012593424,-0.0030916810288942886,323.448632201764,13.441534042358398
619.2024523838162,239.83448791503906,102.39483642578125,7.915985107421875,0.24332080781459808,-0.9699459075927734,0.0,-1.3250082437305013,-0.0005065578215446287,-0.0025541214777103083,391.524055816041,13.395183563232422
623.6823837663424,240.89761352539062,98.04287719726562,7.9159393310546875,0.2318994700908661,-0.9727396965026855,0.0,-1.3367663816538882,-0.000514975990517641,-0.002119970717879449,471.70462854330066,13.256133079528809
628.2342864737524,241.93389892578125,93.61050415039062,7.9159393310546875,0.22477690875530243,-0.9744102358818054,0.0,-1.344082242818516,0.00016506188056375493,-0.0005301034266705362,1886.4243271936223,13.070733070373535
632.8328559079399,242.9733428955078,89.13095092773438,7.91595458984375,0.22727669775485992,-0.9738301634788513,0.0,-1.3415160329406155,0.00033139752207977935,0.0010618643026677477,941.739916755536,12.931681632995605
637.4430685746273,244.03761291503906,84.645263671875,7.9159698486328125,0.23430567979812622,-0.9721629619598389,0.0,-1.3342920188175802,0.0001666951632395275,0.0018524200762154719,539.8343566017802,12.746280670166016
642.1209779092075,245.156494140625,80.10313415527344,7.9159698486328125,0.24403522908687592,-0.9697663187980652,0.0,-1.3242715959785107,0.00015933057828654285,0.002032336827380632,492.04442222741466,12.653580665588379
646.8721688401647,246.33929443359375,75.50152587890625,7.915985107421875,0.25287550687789917,-0.9674988389015198,0.0,-1.3151451203447067,-0.0001518980478842913,0.0014892796938106023,671.4655441526312,12.560880661010742
651.6979778540152,247.57119750976562,70.83560180664062,7.91595458984375,0.2577788531780243,-0.9662039875984192,0.0,-1.3100736808478686,-0.0001640058754914797,0.0012399089153915521,806.5108554237703,12.514531135559082
656.5969334699101,248.85037231445312,66.10659790039062,7.9159698486328125,0.2645496428012848,-0.9643720984458923,0.0,-1.3030594376065727,-0.001061953072234445,0.0013883202082473345,720.2949248015601,12.514531135559082
661.568030282402,250.18362426757812,61.317626953125,7.9158477783203125,0.2709878385066986,-0.9625827670097351,0.0,-1.2963772047484723,-0.24331397525548804,0.0010872985629032383,919.7105874304303,12.560880661010742
666.6095831141238,251.55972290039062,56.46757507324219,7.891265869140625,0.2749975621700287,-0.9614449143409729,0.0,-1.2922091574929315,-0.8860198607936076,0.0008811379302533645,1134.8960993115545,12.607231140136719
671.7244389213508,252.9781494140625,51.55377197265625,7.8252716064453125,0.2795989215373993,-0.9601168632507324,0.0,-1.2874199746438786,-1.6663704829806392,0.0007776634440688351,1285.9033141224581,12.653580665588379
676.9150870660761,254.4385223388672,46.57392883300781,7.718963623046875,0.28267064690589905,-0.9592170715332031,0.0,-1.2842191731118011,-2.3981693112547053,0.0005268481983651263,1898.079946183969,12.746280670166016
682.1829676009592,255.93243408203125,41.52439880371094,7.57391357421875,0.28487154841423035,-0.9585656523704529,0.0,-1.2819238917137763,-3.078823602361569,0.0002765403037339603,3616.109429611492,12.885331153869629
687.5287275880305,257.456787109375,36.40382385253906,7.3916778564453125,0.285460889339447,-0.9583904147148132,0.0,-1.2813090494890087,-3.7065231180275937,-5.9917425999492235e-05,16689.635499503507,13.024382591247559
692.953210389418,259.000732421875,31.208251953125,7.1742401123046875,0.28422629833221436,-0.9587571620941162,0.0,-1.2825969620714062,-4.27740704032924,-0.00035036520203264587,2854.1647235470127,13.117082595825195
698.4564468099281,260.5567932128906,25.935531616210938,6.923828125,0.2817722260951996,-0.9594813585281372,0.0,-1.2851556599334577,-4.789468614545777,-0.0006161964489146132,1622.8590764543187,13.256133079528809
704.0385911400558,262.11614990234375,20.582977294921875,6.6429290771484375,0.27764758467674255,-0.9606829881668091,0.0,-1.2894517754516308,-5.240347985163152,-0.0008023216180699649,1246.382968472871,13.348833084106445
709.6995455393162,263.6722412109375,15.148849487304688,6.334320068359375,0.2731007933616638,-0.9619854092597961,0.0,-1.294181432326984,-5.627073556448825,-0.0008448512966881677,1183.6402499706373,13.395183563232422
715.4389627587107,265.2225341796875,9.632827758789062,6.0011444091796875,0.2683804929256439,-0.9633129835128784,0.0,-1.2990848737928995,-5.946272622419269,-0.0007266897736231265,1376.103030890616,13.441534042358398
721.2561513451977,266.7708740234375,4.03668212890625,5.64691162109375,0.26503172516822815,-0.9642397165298462,0.0,-1.3025595092393198,-6.195443808741535,-0.0004525528866712175,2209.6864906896644,13.487884521484375
727.1506149270859,268.32452392578125,-1.6371917724609375,5.275390625,0.2632927894592285,-0.9647160172462463,0.0,-1.3043624957717703,-6.370758783603813,-0.00021512718171075307,4648.4130552341785,13.487884521484375
733.1214201253472,269.89117431640625,-7.385955810546875,4.890899658203125,0.26258304715156555,-0.9649093747138977,0.0,-1.3050981052209112,-6.469947861457265,-0.00011148827914779502,8969.552742619202,13.487884521484375
739.1671829922523,271.4734802246094,-13.207733154296875,4.4978790283203125,0.26200181245803833,-0.9650673866271973,0.0,-1.3057004353211852,-6.490831488417969,-8.201694651464864e-05,12192.602169374777,13.487884521484375
745.2859730393808,273.0718078613281,-19.100753784179688,4.1013336181640625,0.26162272691726685,-0.9651702046394348,0.0,-1.3060932169318078,-6.429771939029577,-7.9289193487736e-05,12612.0591724101,13.441534042358398
751.4761709207447,274.6862487792969,-25.06365966796875,3.706512451171875,0.26105770468711853,-0.9653231501579285,0.0,-1.3066785736441355,-6.283262074598123,-0.00011155718214699017,8964.012722035039,13.441534042358398
757.7347491075732,276.314453125,-31.094314575195312,3.31927490234375,0.2602798342704773,-0.9655331969261169,0.0,-1.3074843044375553,-6.048799380359732,-0.00012921630973522502,7738.961142359531,13.441534042358398
764.0589668157068,277.9552917480469,-37.190521240234375,2.945587158203125,0.2594877779483795,-0.9657463431358337,0.0,-1.3083045389229087,-5.720170110270761,-6.626854207615607e-05,15090.116194963157,13.395183563232422
770.4291529154527,279.60577392578125,-43.33308410644531,2.5933074951171875,0.25947314500808716,-0.9657502770423889,0.0,-1.3083196914335447,-5.270244139868327,3.1062672178713835e-05,32192.980508781377,13.395183563232422
776.763033746193,281.2486267089844,-49.44195556640625,2.2758636474609375,0.25986653566360474,-0.9656445384025574,0.0,-1.3079123379302373,-4.752609366896482,5.034243759921564e-05,19863.956687222086,13.348833084106445
782.9253373674017,282.84912109375,-55.386322021484375,1.99853515625,0.26008522510528564,-0.9655857086181641,0.0,-1.3076858737796673,-4.258187003673419,6.613687924575395e-05,15120.157034990441,13.348833084106445
788.8562657407061,284.3922119140625,-61.10801696777344,1.7598114013671875,0.2606258988380432,-0.9654398560523987,0.0,-1.307125872840368,-3.80340184600072,7.194384021774747e-05,13899.73063674901,13.302482604980469
794.5612314097531,285.87933349609375,-66.6119384765625,1.55499267578125,0.2609030604362488,-0.9653649926185608,0.0,-1.306838778626141,-3.3856270136383926,-0.00027966004460362737,3575.7700082517595,13.302482604980469
800.031860923394,287.2990417480469,-71.89225769042969,1.3805084228515625,0.2577536404132843,-0.966210663318634,0.0,-1.310099762380318,-3.0032482784231305,-0.00135038381837288,740.530200669119,13.302482604980469
805.2661749273149,288.6210021972656,-76.95472717285156,1.232635498046875,0.24725916981697083,-0.9689493775367737,0.0,-1.320945758098233,-2.6541347597851983,-0.0030393962737977898,329.0127084187278,13.209782600402832
810.3120754467895,289.8210144042969,-81.854248046875,1.107025146484375,0.2277914136648178,-0.9737099409103394,0.0,-1.340987463212375,-2.331190444517435,-0.005415592498792421,184.65200256905996,13.117082595825195
815.2031450774421,290.8574523925781,-86.633056640625,1.0005035400390625,0.19521453976631165,-0.9807605743408203,0.0,-1.3743201350918919,-2.0314978690725254,-0.008198367097186077,121.97550904292024,12.931681632995605
820.0183392038484,291.6872863769531,-91.37533569335938,0.9096221923828125,0.14987480640411377,-0.9887049794197083,0.0,-1.4203546785873757,-1.7483484810841068,-0.010296249310106448,97.12274536888243,12.653580665588379
824.7863806951087,292.27618408203125,-96.10624694824219,0.83282470703125,0.09771769493818283,-0.9952142238616943,0.0,-1.4729224510699532,-1.479313681548282,-0.011536656440812282,86.6802270770916,12.282779693603516
829.5042221500865,292.6013488769531,-100.81243896484375,0.7691650390625,0.041045840829610825,-0.9991573095321655,0.0,-1.5297389536665387,-1.2285561384806798,-0.012613351015527602,79.28107279096214,11.37060260772705
834.1709473988511,292.6470947265625,-105.47865295410156,0.7174072265625,-0.020437533035874367,-0.999791145324707,0.0,-1.5912352825902825,-0.9963580165448391,-0.013599720974241197,73.53092036918025,10.371603012084961
838.7853204621341,292.4009094238281,-110.08627319335938,0.67657470703125,-0.08501627296209335,-0.9963794946670532,0.0,-1.6559153530582909,-0.7829925585077613,-0.0142803986551166,70.02605628531978,9.372603416442871
843.3585083691961,291.85723876953125,-114.62692260742188,0.6453857421875,-0.15103913843631744,-0.9885277152061462,0.0,-1.7224157236753541,-0.5821489155607762,-0.014684566175044267,68.0987090854242,8.373603820800781
847.8978536005374,291.0187683105469,-119.08810424804688,0.6234588623046875,-0.21717841923236847,-0.9761319160461426,0.0,-1.789719291840243,-0.3342556727654211,-0.01495702941679758,66.85819571077023,7.374603748321533
852.4065149649455,289.887451171875,-123.4525146484375,0.61505126953125,-0.2830212712287903,-0.959113597869873,0.0,-1.8577390542863113,-0.08720540478727307,-0.01476628911443073,67.7218217962917,6.375603675842285
856.9062305038857,288.4696350097656,-127.7230224609375,0.6155853271484375,-0.3447279632091522,-0.9387025833129883,0.0,-1.9227453124412524,-0.06898845628478395,-0.013754691301348793,72.70246769565374,5.376603603363037
861.4133181246636,286.7931213378906,-131.9066925048828,0.60882568359375,-0.39935967326164246,-0.9167943000793457,0.0,-1.9816146391987959,-0.08446478847104893,-0.012485931552351115,80.09013951479646,4.6813507080078125
865.9521498448212,284.8648986816406,-136.0155792236328,0.6079864501953125,-0.44829681515693665,-0.8938847780227661,0.0,-2.0356553716461065,-0.019902633204123277,-0.011119425638678654,89.93270268578658,4.4496002197265625
870.5310068862689,282.714111328125,-140.057861328125,0.6070098876953125,-0.490042507648468,-0.8716985583305359,0.0,-2.082934833132036,-0.017114769385805084,-0.010326822246980921,96.83520991100173,4.6813507080078125
875.1600049393378,280.3481140136719,-144.03651428222656,0.606414794921875,-0.5311413407325745,-0.8472832441329956,0.0,-2.130743377388506,-0.04123945414078317,-0.01071441394219641,93.33221633912383,5.144852638244629
879.8322772627529,277.7613220214844,-147.92735290527344,0.6031494140625,-0.5743662714958191,-0.8185984492301941,0.0,-2.1826260892801237,-0.0027215165234142913,-0.010733415802398533,93.16698601916977,5.701054573059082
884.5468644800742,274.9567565917969,-151.717041015625,0.6062164306640625,-0.6136448383331299,-0.7895820736885071,0.0,-2.2314649066857015,-0.21008554340183547,-0.008544086752209412,117.04001012646675,6.257256507873535
889.3109824192613,271.9651184082031,-155.42465209960938,0.5829620361328125,-0.6385679244995117,-0.7695655226707458,0.0,-2.26343222747064,-0.6974372918638151,-0.005476714080686257,182.59123723959232,7.256256580352783
894.1322637280806,268.8515319824219,-159.10546875,0.53912353515625,-0.6541234850883484,-0.7563877701759338,0.0,-2.2838195521040805,-0.8564607221082536,-0.0042249787552696705,236.68758067782812,8.255256652832031
899.0078995654906,265.6238098144531,-162.759521484375,0.499969482421875,-0.6695514917373657,-0.7427656650543213,0.0,-2.3044010992883446,-0.40319806294132066,-0.004709549288820447,212.33454385408075,7.647761821746826
903.9280529144276,262.2818908691406,-166.37054443359375,0.4999847412109375,-0.6883417963981628,-0.7253864407539368,0.0,-2.3299969733763075,0.0004625104823213766,-0.00535756250502914,186.652045414552,8.064913749694824
908.8825553391325,258.82122802734375,-169.9160919189453,0.5000152587890625,-0.707899272441864,-0.7063133716583252,0.0,-2.3573158916487498,-0.00014791693586785337,-0.005701990969030457,175.3773384474574,8.99191665649414
913.8728476311749,255.23675537109375,-173.3880615234375,0.499969482421875,-0.7283558249473572,-0.6851991415023804,0.0,-2.386715611003408,-0.00046029008693507234,-0.005961938317714549,167.73068534250456,9.7335205078125
918.8988659082579,251.5226593017578,-176.77426147460938,0.499969482421875,-0.7487943768501282,-0.6628023386001587,0.0,-2.417037576849921,6.938893903907228e-16,-0.005908571038514249,169.24565914188568,10.197021484375
923.9568679777328,247.6859893798828,-180.07022094726562,0.499969482421875,-0.767859697341919,-0.6406180262565613,0.0,-2.446289776860153,0.004924131783308472,-0.005499445369884642,181.8365185471378,10.521472930908203
929.0514358661987,243.73025512695312,-183.2806396484375,0.5004730224609375,-0.7846019864082336,-0.6199997663497925,0.0,-2.472850243183765,0.9752174416239656,-0.005218940246906695,191.60978142884613,10.706873893737793
934.1862963267088,239.65956115722656,-186.408935546875,0.6005096435546875,-0.8009502291679382,-0.5987308621406555,0.0,-2.4996769933164305,3.168487459935722,-0.0052527318935610134,190.37712570592757,10.845924377441406
939.3393488542788,235.4932098388672,-189.43287658691406,0.8268890380859375,-0.816945493221283,-0.5767148733139038,0.0,-2.5268909231977,4.907804455083905,-0.00497254249585774,201.10436478582668,10.79957389831543
944.4979683133112,231.24868774414062,-192.35128784179688,1.1066436767578125,-0.8305822610855103,-0.556895911693573,0.0,-2.5509487828688364,5.132078928059336,-0.004663557448053496,214.4285797138376,10.614173889160156
949.6698090628787,226.9236297607422,-195.176025390625,1.3569793701171875,-0.8437711000442505,-0.5367032289505005,0.0,-2.5750676160927446,4.673851603237106,-0.0051944610878169595,192.51275215929343,10.38242244720459
954.8640559695059,222.5033416748047,-197.89382934570312,1.591064453125,-0.8593629598617554,-0.5113661885261536,0.0,-2.6048188673682366,4.6730324955273295,-0.006206761989881265,161.1146039803485,9.96527099609375
960.071727387361,217.98709106445312,-200.4744873046875,1.843109130859375,-0.8766460418701172,-0.48113584518432617,0.0,-2.6396427254934327,5.158414160922553,-0.006674268442953768,149.82915484254022,9.409069061279297
965.2708942304798,213.38998413085938,-202.8863067626953,2.127838134765625,-0.8927808403968811,-0.4504912793636322,0.0,-2.6742771164605634,2.3085291096864524,-0.003719091394416396,268.88287862496077,8.667465209960938
970.423056612035,208.7825164794922,-205.19155883789062,2.0850372314453125,-0.8946375846862793,-0.4467926621437073,0.0,-2.6784156297413513,-3.762036190427373,-0.000398844573805901,2507.2423336681854,8.018563270568848
975.5734448461129,204.18556213378906,-207.4884490966797,1.7403564453125,-0.8946250677108765,-0.44681766629219055,0.0,-2.6783876675993903,-7.4061091481651244,-0.00011243513610842415,8894.016893755292,7.7868123054504395
980.7173469475204,199.59930419921875,-209.7800750732422,1.322723388671875,-0.8951533436775208,-0.445758193731308,0.0,-2.6795715416725407,-6.805998177496702,-0.005909083333886012,169.23098617774383,7.972213268280029
985.7757262836084,195.02468872070312,-211.9207000732422,1.04376220703125,-0.9195423126220703,-0.3929910957813263,0.0,-2.7377105177160916,-4.369638377951953,-0.008926011201003559,112.03212470622591,8.389365196228027
990.6901603196648,190.47023010253906,-213.75997924804688,0.883697509765625,-0.9315022230148315,-0.36373552680015564,0.0,-2.7693176520896117,-3.1243075777520724,-0.00666191307960351,150.10703202682976,8.94556713104248
995.5453498069679,185.91989135742188,-215.44703674316406,0.738372802734375,-0.9431458711624146,-0.332379013299942,0.0,-2.802767762420205,-3.0444058057569583,-0.007341691936376682,136.20838475191132,9.687170028686523
1000.3287721259109,181.38360595703125,-216.9574432373047,0.59033203125,-0.9548696875572205,-0.2970251739025116,0.0,-2.8400169535797883,-1.2416636426807917,-0.010108818910660733,98.92352497732477,10.567822456359863
1004.9928841928001,176.90098571777344,-218.24560546875,0.61669921875,-0.9704111218452454,-0.24145852029323578,0.0,-2.897724086132057,3.6243287924468155,-0.012151538094042569,82.29410896471299,11.44847583770752
1009.4421702866952,172.556396484375,-219.159912109375,0.9077911376953125,-0.9818639755249023,-0.1895866096019745,0.0,-2.9508515453872475,4.985493939796074,-0.0063444058445453755,157.61917262272138,12.097378730773926
1013.7959436171169,168.28244018554688,-219.9759521484375,1.0585174560546875,-0.9825736880302429,-0.18587355315685272,0.0,-2.9546318227805664,1.8916550327846449,-0.0006553484457516578,1525.9058085550823,12.792631149291992
1018.068238159023,164.08177185058594,-220.7548370361328,1.0735015869140625,-0.9829263687133789,-0.18399927020072937,0.0,-2.956538999057498,-0.5612566161141558,-0.0015598633591540345,641.0817935632086,13.07845687866211
1022.257445477733,159.9611358642578,-221.50723266601562,1.0125274658203125,-0.9849095940589905,-0.17306941747665405,0.0,-2.9676473804789456,-1.5159078934558452,-0.0017752211956356678,563.3100835312649,13.364283561706543
1026.381668138417,155.89682006835938,-222.20460510253906,0.9475555419921875,-0.9855539202690125,-0.1693621724843979,0.0,-2.97141020366761,0.7725277127368702,0.0035826802256895274,279.1206406950647,13.65010929107666
1030.4528443825016,151.89593505859375,-222.94728088378906,1.0733642578125,-0.9794998168945312,-0.20144499838352203,0.0,-2.9387597127176104,4.363177060882872,0.007520206076454705,132.97507938391973,13.935935974121094
1034.4010588795295,148.05117797851562,-223.81756591796875,1.29437255859375,-0.9735269546508789,-0.22857235372066498,0.0,-2.9109816981387344,4.085923639414091,0.006547209486340577,152.73682659555905,14.221761703491211
1038.2961861759509,144.2701416015625,-224.7479248046875,1.3954315185546875,-0.9678556323051453,-0.2515064775943756,0.0,-2.887356206125187,1.5667352773396426,0.009503226154148336,105.2274231697076,13.595409393310547
1042.1294454859546,140.5867462158203,-225.80906677246094,1.416717529296875,-0.9542563557624817,-0.29898950457572937,0.0,-2.8379590973184086,-0.16576935081378252,0.013890664182032053,71.99079805654843,12.596409797668457
1045.8920091147475,137.029052734375,-227.0332489013672,1.38385009765625,-0.9360352754592896,-0.3519062101840973,0.0,-2.7819858582334738,-1.6069689077305327,0.015126646250311071,66.10850703138745,11.597410202026367
1049.6157392027892,133.58541870117188,-228.4474639892578,1.2969818115234375,-0.9143661260604858,-0.4048883616924286,0.0,-2.724735919471254,-2.8912038370968673,0.015668688819290233,63.8215495586885,10.598410606384277
1053.3279310979365,130.2405242919922,-230.05235290527344,1.1689910888671875,-0.8887839913368225,-0.4583263099193573,0.0,-2.66548149229118,-3.7592051931962494,0.016119236006071624,62.037679678077204,9.599411010742188
1057.0377010706386,127.00070190429688,-231.8532257080078,1.0179901123046875,-0.8595067858695984,-0.5111242532730103,0.0,-2.6051003253256453,-4.045836759900297,0.015721919790569305,63.605463793285836,8.600411415100098
1060.7567259501827,123.86170959472656,-233.84207153320312,0.868438720703125,-0.8293260931968689,-0.5587649345397949,0.0,-2.548696848948297,-3.569180863847189,0.013531227247838506,73.90312657410591,7.601411819458008
1064.5105428801644,120.7996826171875,-236.01036071777344,0.7515869140625,-0.803589403629303,-0.5951841473579407,0.0,-2.504097904905289,-2.172371492186262,0.008617989505388224,116.03634459925604,6.8134589195251465
1068.3163967039802,117.76702880859375,-238.30935668945312,0.7052001953125,-0.7913984656333923,-0.6113006472587585,0.0,-2.483889629057019,-1.120979468557501,0.0015116295733967333,661.5377322586596,6.025505542755127
1072.1785663000053,114.70010375976562,-240.65643310546875,0.665740966796875,-0.7968970537185669,-0.6041151285171509,0.0,-2.492937651404174,-1.4320375609839036,-0.003682423504135668,271.56029144309906,5.237552642822266
1076.1046918481068,111.5477294921875,-242.99560546875,0.5931396484375,-0.8087041974067688,-0.5882154703140259,0.0,-2.512742211689476,-2.1625171906507963,-0.005222822614221745,191.46734895360993,4.588650226593018
1080.1037405229924,108.28909301757812,-245.3115997314453,0.493896484375,-0.8212277889251709,-0.5706005692481995,0.0,-2.534355709019625,-2.609579468642936,-0.005231428503794544,191.15237822225112,4.078798294067383
1084.1743780838206,104.92352294921875,-247.59864807128906,0.3823699951171875,-0.8327945470809937,-0.5535821318626404,0.0,-2.554933173414778,-2.6051142993198355,-0.005152455648103016,194.08221405421915,3.615297317504883
1088.28129101586,101.47906494140625,-249.8329620361328,0.2809600830078125,-0.8445374965667725,-0.5354963541030884,0.0,-2.576497270218837,-2.2974491925686276,-0.005905919375964741,169.3216477132569,3.337197780609131
1092.3568314416088,98.00927734375,-251.96910095214844,0.19427490234375,-0.8585427403450012,-0.5127419829368591,0.0,-2.603217127441297,-1.803282135557727,-0.007954489827483202,125.71516485506648,3.1517977714538574
1096.4008394014877,94.49935913085938,-253.976806640625,0.13433837890625,-0.877296507358551,-0.47994881868362427,0.0,-2.640996290242829,-0.9392235797336168,-0.010968688903398027,91.16859898271038,3.0590980052948
1100.383189358084,90.959228515625,-255.80062866210938,0.11822509765625,-0.9002138376235962,-0.4354480803012848,0.0,-2.6910566841238084,2.563103689522758,-0.015094803259056933,66.24796513329822,3.0127482414245605
1104.2626743799378,87.41574096679688,-257.36566162109375,0.3298187255859375,-0.9277582764625549,-0.37318170070648193,0.0,-2.7591565384986403,4.432044434486334,-0.014139096086993097,70.72587906944948,3.0590980052948
1108.036927986377,83.88870239257812,-258.702880859375,0.459564208984375,-0.9422164559364319,-0.3350045680999756,0.0,-2.7999825593299645,2.7035041395072965,-0.012599064114537983,79.37097477312669,3.1517977714538574
1111.735244640844,80.37350463867188,-259.849853515625,0.5329437255859375,-0.958655595779419,-0.2845688462257385,0.0,-2.8530360007704836,1.2847065773649122,-0.015417459959999436,64.86152729402234,3.337197780609131
1115.3490030411087,76.87896728515625,-260.7701721191406,0.5546722412109375,-0.9738812446594238,-0.22705800831317902,0.0,-2.912536935685131,-0.04077349041257533,-0.017221840318647652,58.06580374091665,3.522597551345825
1118.881098120566,73.4144287109375,-261.457275390625,0.53106689453125,-0.9863172769546509,-0.16485805809497833,0.0,-2.9759785508402286,-1.2158801935564538,-0.01896337875298809,52.733218748923015,3.6616475582122803
1122.3475221549788,69.9776611328125,-261.9056396484375,0.4702911376953125,-0.9953503608703613,-0.09632095694541931,0.0,-3.045122134720451,-2.0319340177655936,-0.0205263804605057,48.71779522571333,3.8006975650787354
1125.7926490588893,66.53935241699219,-262.1071472167969,0.3907470703125,-0.9997175335884094,-0.02376735769212246,0.0,-3.117823058089485,-2.3742447305657457,-0.021148689225113038,47.284254326861486,3.8470475673675537
1129.2401322341807,63.09324645996094,-262.0579528808594,0.306640625,-0.9987850189208984,0.04927939921617508,0.0,3.092293286382904,-2.270277666764005,-0.021294305684661174,46.96091127875211,3.8470475673675537
1132.6910363479153,59.6561279296875,-261.7584533691406,0.2341461181640625,-0.9924293756484985,0.12281657755374908,0.0,3.0184652007720305,-1.6436412408021774,-0.02127690111730246,46.99932544156047,3.8470475673675537
1136.1493405012034,56.24266052246094,-261.20489501953125,0.193145751953125,-0.9807941317558289,0.1950458288192749,0.0,2.9452884778261312,-0.6084968084053181,-0.020549809989006962,48.662250431266564,3.8006975650787354
1139.6166691895387,52.86846923828125,-260.4066467285156,0.192108154296875,-0.9649779796600342,0.2623308598995209,0.0,2.8761557843661962,0.07946040200883797,-0.01870249574882371,53.46879974897975,3.754347324371338
1143.0884805318974,49.547821044921875,-259.39337158203125,0.19866943359375,-0.947307825088501,0.3203248083591461,0.0,2.815520327568617,0.23027946413787836,-0.017755660137256823,56.320068770729236,3.754347324371338
1146.54612392364,46.30903625488281,-258.18280029296875,0.2080535888671875,-0.9254913330078125,0.3787688910961151,0.0,2.7531269582697036,0.2705621898833499,-0.018429190949546648,54.26174175185914,3.7079973220825195
1149.9743237858977,43.18125915527344,-256.7794189453125,0.2173004150390625,-0.899159848690033,0.43762022256851196,0.0,2.6886423316454593,0.247183113839421,-0.019167942790260573,52.170439516759735,3.7079973220825195
1153.3746494342643,40.176483154296875,-255.18772888183594,0.224945068359375,-0.8681495785713196,0.4963025748729706,0.0,2.622258042531318,0.1453423641444261,-0.020007385074198525,49.98154412940237,3.615297317504883
1156.748280925049,37.309326171875,-253.4098663330078,0.2271881103515625,-0.8317999243736267,0.555075466632843,0.0,2.553138925880235,0.4209971285928593,-0.02136140918737972,46.81339097192137,3.5689475536346436
1160.1102852098625,34.58660888671875,-251.43775939941406,0.2532196044921875,-0.7880280613899231,0.615639328956604,0.0,2.478395645144135,1.2050741387857131,-0.02214567480724261,45.15554430849657,3.476247787475586
1163.4594799823114,32.03045654296875,-249.27438354492188,0.307952880859375,-0.7404343485832214,0.6721286773681641,0.0,2.4045126927105938,1.7072019065341775,-0.020423975577594455,48.962064031109676,3.337197780609131
1166.8050751358437,29.627456665039062,-246.94735717773438,0.3675079345703125,-0.6967476010322571,0.7173163890838623,0.0,2.3416496480099203,1.515616051868058,-0.017637751783511235,56.69656837641045,3.1517977714538574
1170.1705187852388,27.352783203125,-244.46737670898438,0.4095611572265625,-0.6559153199195862,0.7548344731330872,0.0,2.286190924376291,0.9122906786457962,-0.01570527146036582,63.67288859180961,3.0127482414245605
1173.5734252710015,25.186187744140625,-241.84339904785156,0.4290008544921875,-0.616754412651062,0.7871556282043457,0.0,2.235409157138345,1.765079492832422,-0.015742325862374562,63.52301487990928,2.8736982345581055
1177.0294791134595,23.136367797851562,-239.06275939941406,0.5319061279296875,-0.570677638053894,0.821174144744873,0.0,2.1781271718083404,3.542388290021982,-0.01581717754197265,63.22240471451927,2.827348232269287
1180.4928038286887,21.242767333984375,-236.16644287109375,0.6741943359375,-0.5270952582359314,0.8498061895370483,0.0,2.125975140789454,3.690009223172233,-0.01432443395114813,69.81078647926944,2.8736982345581055
1183.930694823793,19.50286865234375,-233.20347595214844,0.786773681640625,-0.48681309819221497,0.8735061287879944,0.0,2.0792339667301123,2.046501218245554,-0.013271010557501683,75.35221192592086,2.920048236846924
1187.3677090276299,17.90155029296875,-230.16241455078125,0.814910888671875,-0.44747626781463623,0.8942958116531372,0.0,2.034737631689222,-0.1511674306786337,-0.013737458518473078,72.79366839617946,2.966398000717163
1190.8316255763975,16.432083129882812,-227.02587890625,0.77581787109375,-0.40190255641937256,0.9156824350357056,0.0,1.9843899777124485,-1.443054546942775,-0.015516866632941828,64.44600083608574,3.198148012161255
1194.3302545898785,15.121017456054688,-223.78277587890625,0.7142181396484375,-0.34837400913238525,0.9373555779457092,0.0,1.926632225686556,-1.603118227964985,-0.016614372781474374,60.18885053036947,3.522597551345825
1197.863927043563,13.991775512695312,-220.43478393554688,0.6631927490234375,-0.29241278767585754,0.9562922120094299,0.0,1.867545254953792,-0.9285630307727875,-0.015987949993891526,62.54710581294459,3.8006975650787354
1201.4369297508952,13.041290283203125,-216.9905548095703,0.6486358642578125,-0.2399095892906189,0.970795214176178,0.0,1.813069051274703,-0.17003388124137292,-0.01418259957784751,70.50893558060741,3.9397480487823486
1205.0609595860833,12.255355834960938,-213.45277404785156,0.6511993408203125,-0.1935562640428543,0.9810892343521118,0.0,1.7655819871419982,-0.1650296144887778,-0.01383022474717277,72.30540488537065,3.8470475673675537
1208.7447779632123,11.641204833984375,-209.82054138183594,0.63629150390625,-0.1406480222940445,0.9900596737861633,0.0,1.711912237960655,-0.3828269919857005,-0.014155740500467084,70.64271911222193,3.7079973220825195
1212.4985942131204,11.212646484375,-206.09129333496094,0.6227569580078125,-0.08943916857242584,0.9959922432899475,0.0,1.6603551733001776,-0.2575662535332632,-0.012423319981657688,80.49378116932044,3.8470475673675537
1216.3366967297864,10.95654296875,-202.26174926757812,0.616912841796875,-0.04700527340173721,0.9988946914672852,0.0,1.6178189247267407,-0.6441861798939796,-0.010170652504500999,98.322108592094,4.125148296356201
1220.25425668841,10.840667724609375,-198.34616088867188,0.5720062255859375,-0.010824913159012794,0.9999414086341858,0.0,1.581621451376345,-0.41373248067351626,-0.008740208448067777,114.4137472168725,4.820401191711426
1224.273658418616,10.87200927734375,-194.326904296875,0.5855865478515625,0.022243186831474304,0.9997526407241821,0.0,1.548551306518756,-0.11611711404566905,-0.005458971514591626,183.1846891538154,5.819401264190674
1228.3805117356121,10.99163818359375,-190.22186279296875,0.561767578125,0.03304034098982811,0.9994540214538574,0.0,1.537749971442322,-0.7876014482799815,1.8515045014488862e-05,54010.13063794631,6.818401336669922
1232.57758900851,11.108642578125,-186.02662658691406,0.519805908203125,0.021606408059597015,0.9997665286064148,0.0,1.5491882367152117,-1.2732078491107384,0.004766283714794928,209.80706559618338,7.81740140914917
1236.8597845128947,11.13922119140625,-181.74505615234375,0.453338623046875,-0.0077191623859107494,0.9999702572822571,0.0,1.5785155654516707,-1.69977827380196,0.007640381700670162,130.8835133082797,8.816401481628418
1241.2187875426248,11.023483276367188,-177.38833618164062,0.3726959228515625,-0.04452195391058922,0.9990084171295166,0.0,1.6153330019554932,-1.8627537843523987,0.008469479735403462,118.07100686714882,9.815401077270508
1245.655587645737,10.741973876953125,-172.9612579345703,0.2894744873046875,-0.08212615549564362,0.9966219663619995,0.0,1.6530150810460549,-1.6746811668130488,0.008741285056935943,114.39965559829564,10.814400672912598
1250.1645789083227,10.280731201171875,-168.47640991210938,0.223175048828125,-0.12246233224868774,0.9924731254577637,0.0,1.6935668429393453,-0.9157022636111751,0.009412894509550018,106.23724710666123,11.813400268554688
1254.74026508692,9.617034912109375,-163.9491424560547,0.20703125,-0.16700203716754913,0.9859565496444702,0.0,1.7385845437179361,0.45364580953381367,0.01033880638894924,96.7229641778438,12.812399864196777
1259.3720091954353,8.7266845703125,-159.40415954589844,0.2658538818359375,-0.2162977010011673,0.9763274788856506,0.0,1.7888171225261804,2.0090717851175164,0.010979504574676613,91.07879077772084,13.811399459838867
1264.0086033103728,7.6052093505859375,-154.90704345703125,0.393310546875,-0.26629894971847534,0.9638904929161072,0.0,1.8403476082679964,3.4401453795805588,0.011191331305542451,89.35487411625058,14.110203742980957
1268.6525631477286,6.24853515625,-150.46981811523438,0.5852203369140625,-0.31635406613349915,0.9486411809921265,0.0,1.892680018587405,4.6021908475711655,0.010748815184957405,93.03350953502907,13.111204147338867
1273.331959752448,4.659820556640625,-146.0747833251953,0.822723388671875,-0.3613630533218384,0.9324252009391785,0.0,1.940525641284172,5.377217338089629,0.009388986809028887,106.50776493139317,12.112204551696777
1278.0548340825255,2.8633270263671875,-141.71517944335938,1.091064453125,-0.39869046211242676,0.9170855283737183,0.0,1.9808848052895769,5.901992707990726,0.008103788873494333,123.39906870856107,11.113204956054688
1282.8249672929571,0.8822174072265625,-137.3857421875,1.383209228515625,-0.4319165349006653,0.9019135236740112,0.0,2.017413014929002,6.171694713821417,0.007297185669872641,137.03913333720246,10.114205360412598
1287.6395764425922,-1.269683837890625,-133.08921813964844,1.682647705078125,-0.46177732944488525,0.8869959115982056,0.0,2.0507942327006528,5.989579829533759,0.00649512760826626,153.96156323815927,9.115205764770508
1292.499215336285,-3.576812744140625,-128.82131958007812,1.9624481201171875,-0.48766443133354187,0.8730311393737793,0.0,2.0802088427096725,5.781782271661901,0.005653103835291329,176.8939734942027,8.116206169128418
1297.407588120116,-6.02447509765625,-124.57633972167969,2.2474365234375,-0.5099944472312927,0.8601776957511902,0.0,2.1059746603576768,5.82290130094231,0.004731483535619585,211.350201785929,7.117206573486328
1302.3652948831796,-8.595199584960938,-120.34710693359375,2.536956787109375,-0.5278289318084717,0.8493507504463196,0.0,2.1268386810035587,6.138609590842342,0.0035968448909988737,278.02144109758694,6.11820650100708
1307.3735602240345,-11.266769409179688,-116.12319946289062,2.8595123291015625,-0.5404419302940369,0.8413813710212708,0.0,2.1417585620216766,6.58980011658773,0.0022851858227441735,437.60117450717706,5.144852638244629
1312.4309232348528,-14.012313842773438,-111.88967895507812,3.200408935546875,-0.5471668839454651,0.8370235562324524,0.0,2.1497720438492904,6.802523545856731,0.0009426489303873131,1060.840327468597,4.820401191711426
1317.5355413450366,-16.803421020507812,-107.63009643554688,3.55084228515625,-0.5484257936477661,0.8361992835998535,0.0,2.151276796086547,7.074746775136603,-0.00020416480293400374,4898.003895035962,4.078798294067383
1322.6859220755657,-19.61187744140625,-103.32914733886719,3.926116943359375,-0.5453747510910034,0.838192343711853,0.0,2.1476324630594,7.495933345298433,-0.00087736891751522,1139.7714006464707,3.522597551345825
1327.8798903932568,-22.424591064453125,-98.9810791015625,4.3264312744140625,-0.5408015847206116,0.841150164604187,0.0,2.14218612220196,7.841275864243197,-0.0016877731490282932,592.4966874699559,3.105448007583618
1333.114659529522,-25.220611572265625,-94.5753173828125,4.7439727783203125,-0.5304933190345764,0.8476890921592712,0.0,2.1299787567142814,8.059876114576086,-0.0030242843383646023,330.6567399481873,2.827348232269287
1338.387009634426,-27.963516235351562,-90.09315490722656,5.1733551025390625,-0.513759434223175,0.8579342365264893,0.0,2.11035738415723,8.20389024975962,-0.004134057707590066,241.89309166246406,2.6419484615325928
1343.6951792954605,-30.6246337890625,-85.52120971679688,5.612030029296875,-0.49289363622665405,0.870089590549469,0.0,2.0862086261458517,8.273017200414396,-0.004583264588842895,218.18509069590135,2.549248695373535
1349.0363450376285,-33.18890380859375,-80.85678100585938,6.05438232421875,-0.4712875783443451,0.8819795846939087,0.0,2.061546417709349,8.255634965528424,-0.004475725453121693,223.427466781397,2.549248695373535
1354.4104686287367,-35.655120849609375,-76.10247802734375,6.4966278076171875,-0.45062291622161865,0.8927144408226013,0.0,2.038259299210622,8.162087358138702,-0.004165722054019383,240.0544220263398,2.5955984592437744
1359.818520033399,-38.030364990234375,-71.26371765136719,6.93438720703125,-0.43122127652168274,0.9022461771965027,0.0,2.0166422733040243,7.937478312897972,-0.003933747687655864,254.2105085026193,2.6419484615325928
1365.2595325098496,-40.316864013671875,-66.34463500976562,7.357666015625,-0.4121291935443878,0.9111254811286926,0.0,1.9955860144601003,7.604856298007245,-0.0038099083358265062,262.47350640866904,2.6419484615325928
1370.7345919513568,-42.51435852050781,-61.34645080566406,7.7644195556640625,-0.39333924651145935,0.9193933606147766,0.0,1.9750571388214417,7.271395902532884,-0.0037692545750098727,265.3044468341279,2.7346484661102295
1376.245743028197,-44.62303161621094,-56.269775390625,8.156402587890625,-0.37405577301979065,0.9274061918258667,0.0,1.9541747614073472,7.087128960964318,-0.0037419108964469316,267.2431353054219,2.920048236846924
1381.7930204407394,-46.63850402832031,-51.116455078125,8.548126220703125,-0.3549724221229553,0.9348767399787903,0.0,1.933680906457995,6.991811220705579,-0.003503585386631869,285.42190060946064,3.244497776031494
1387.373712564656,-48.56455993652344,-45.89292907714844,8.934402465820312,-0.33763521909713745,0.9412770867347717,0.0,1.9151997603124606,6.766010790181465,-0.003156710310382449,316.7854828841883,3.6616475582122803
1392.9906957560518,-50.410675048828125,-40.60099792480469,9.305648803710938,-0.3217224180698395,0.9468340873718262,0.0,1.8983443697615916,6.382438311918359,-0.0029118225044194035,343.4275263970435,4.217849254608154
1398.6446536245471,-52.1822509765625,-35.2430419921875,9.653594970703125,-0.30657345056533813,0.9518469572067261,0.0,1.8823873812780936,5.815698719939277,-0.002718330703766314,367.8728267368188,4.820401191711426
1404.3367165294896,-53.8829345703125,-29.819931030273438,9.965240478515625,-0.29237914085388184,0.9563024640083313,0.0,1.8675100809443541,5.029019119995315,-0.0025650522389287778,389.85560793788045,5.608354568481445
1410.069012139747,-55.51625061035156,-24.331527709960938,10.227767944335938,-0.27855661511421204,0.9604198336601257,0.0,1.8530872325555265,4.0511282374244395,-0.0024479938071351737,408.4977654295111,6.489007472991943
1415.8432134510952,-57.08441162109375,-18.778060913085938,10.430938720703125,-0.2653352618217468,0.9641561508178711,0.0,1.8393479740281529,3.007031108871694,-0.0024773121858896463,403.6632951211526,7.488007545471191
1421.6626560905536,-58.585296630859375,-13.157363891601562,10.575927734375,-0.2508526146411896,0.968025267124176,0.0,1.8243572650053617,1.8864434680020747,-0.002636048123682455,379.3557450700253,7.656457424163818
1427.529480041117,-60.010894775390625,-7.4668731689453125,10.65081787109375,-0.23550714552402496,0.9718725681304932,0.0,1.808536696563216,0.7294530531621657,-0.0027670504004888574,361.3956579263352,8.107902526855469
1433.447201389707,-61.356109619140625,-1.7040863037109375,10.661331176757812,-0.2191520482301712,0.9756907224655151,0.0,1.7917416332090301,0.16617273595025406,-0.002890070056699834,346.012373534605,8.761487007141113
1439.4191475844375,-62.61212158203125,4.13427734375,10.670562744140625,-0.20197370648384094,0.9793909788131714,0.0,1.7741690620554114,0.19695491459258418,-0.0028470465737834294,351.2411806706428,9.536355972290039
1445.425328481526,-63.775909423828125,10.026611328125,10.684951782226562,-0.18576423823833466,0.98259437084198,0.0,1.7576459032579919,0.24633936383170463,-0.002741279657142992,364.79313498507366,10.351652145385742
1451.4298225561768,-64.8427734375,15.935546875,10.700149536132812,-0.1696239560842514,0.9855088591575623,0.0,1.7412444102113116,0.22456253853881947,-0.0028389031985273094,352.2487136999787,11.126521110534668
1457.4675629899943,-65.81312561035156,21.894790649414062,10.71197509765625,-0.15206345915794373,0.9883707165718079,0.0,1.7234520063078633,0.1295351099086628,-0.0031192774091891584,320.58706835566295,11.780105590820312
1463.5528184543223,-66.67776489257812,27.918304443359375,10.715789794921875,-0.13222827017307281,0.9912193417549133,0.0,1.7034129741104485,-0.041391222789111115,-0.003334686009815846,299.8783084993432,12.231551170349121
1469.6859823314048,-67.42428588867188,34.005859375,10.706817626953125,-0.11167365312576294,0.9937449097633362,0.0,1.6827034088441528,-0.2896842524335419,-0.0034203482123325024,292.3678929514756,12.40000057220459
1475.867407452479,-68.04718017578125,40.15576171875,10.679977416992188,-0.09036877751350403,0.9959083795547485,0.0,1.6612885574657377,-0.6175703617563144,-0.003420066153127399,292.39200507439705,12.411479949951172
1482.0973956403877,-68.544189453125,46.365692138671875,10.629989624023438,-0.06940770149230957,0.9975883960723877,0.0,1.6402598759358415,-1.0257373512180257,-0.0032602007073854744,306.72958193483504,12.441083908081055
1488.3771317263024,-68.9161376953125,52.6339111328125,10.551437377929688,-0.04969904571771622,0.9987642765045166,0.0,1.6205158528167851,-1.5168270108576132,-0.0029714742928222404,336.53328329831254,12.481563568115234
1494.7089727737189,-69.17329406738281,58.95951843261719,10.43841552734375,-0.03200117126107216,0.9994878768920898,0.0,1.6028029610505272,-2.093240198377899,-0.0026780838937523477,373.40129722331756,12.525668144226074
1501.0946130334,-69.32449340820312,65.34152221679688,10.284896850585938,-0.01567329838871956,0.9998771548271179,0.0,1.5864702671315314,-2.756829723341625,-0.00249196252088818,401.29014446155554,12.566147804260254
1507.5357014837098,-69.37432861328125,71.779296875,10.08441162109375,-5.0231217755936086e-05,1.0,0.0,1.5708465580126103,-3.5325827866720227,-0.002413924731007544,414.26312393038523,12.595751762390137
1514.0337276335308,-69.3231201171875,78.27203369140625,9.82733154296875,0.015558142215013504,0.999879002571106,0.0,1.5552375574430564,-4.539186832833996,-0.0023246169319785515,430.1784032644337,12.607231140136719
1520.5906279739772,-69.17233276367188,84.81857299804688,9.491134643554688,0.030283674597740173,0.9995413422584534,0.0,1.5405080213582034,-5.500890203910947,-0.0022798746195843433,438.6206115941216,12.468179702758789
1527.2114569427013,-68.92135620117188,91.42318725585938,9.101959228515625,0.0455908328294754,0.9989602565765381,0.0,1.525189688266336,-5.966645151047601,-0.0023808589165915106,420.01648776048506,12.236429214477539
1533.896884321649,-68.5618896484375,98.08665466308594,8.69708251953125,0.06193767860531807,0.9980800151824951,0.0,1.50881897777042,-6.2889564732675485,-0.0023499668790541994,425.53791243324844,11.86562728881836
1540.6445530650567,-68.09193420410156,104.80352783203125,8.256866455078125,0.07708507031202316,0.9970244765281677,0.0,1.4936347070309528,-6.882822539427469,-0.002203338868867588,453.8566509807693,11.44847583770752
1547.455277216783,-67.51821899414062,111.57208251953125,7.763427734375,0.09171605855226517,0.9957851767539978,0.0,1.4789511935284791,-7.514702269751405,-0.002057841102813651,485.94616884302536,11.077675819396973
1554.3324045742281,-66.84306335449219,118.39500427246094,7.2279052734375,0.10512137413024902,0.9944593906402588,0.0,1.4654803752768097,-7.721021430455194,-0.0018710222833228651,534.4671781375247,10.753223419189453
1561.2766530771403,-66.070556640625,125.27565002441406,6.6963653564453125,0.11742187291383743,0.9930821061134338,0.0,1.4531029303547547,-7.72215272110604,-0.0015623376780820597,640.0664939653823,10.289722442626953
1568.2869658893044,-65.21652221679688,132.2122802734375,6.1502227783203125,0.12674663960933685,0.991935133934021,0.0,1.4437078535072934,-7.683653198873186,-0.0012354017344602952,809.4532912703622,9.918920516967773
1575.3623097506675,-64.294189453125,139.2067413330078,5.6142120361328125,0.13467071950435638,0.990890383720398,0.0,1.4357151764809695,-7.548073430455182,-0.001084869492041618,921.769860186683,9.64081859588623
1582.501543647947,-63.30912780761719,146.2572784423828,5.07733154296875,0.14202186465263367,0.9898635149002075,0.0,1.4282926399152656,-7.567783274479001,-0.0010587324462677516,944.5256953493816,9.455418586730957
1589.7037343435372,-62.26170349121094,153.36175537109375,4.5288238525390625,0.14970241487026215,0.9887310862541199,0.0,1.4205290357157425,-7.736583207726139,-0.0011241940061393896,889.5261801244734,9.316368103027344
1596.9688842800929,-61.1470947265625,160.51815795898438,3.9579010009765625,0.15810738503932953,0.9874219298362732,0.0,1.4120226939135894,-7.6905735986199515,-0.001206348673879254,828.9477343099331,9.17731761932373
1604.296268125021,-59.957763671875,167.7273406982422,3.4067840576171875,0.16708800196647644,0.9859419465065002,0.0,1.4029209135579488,-7.211373338890023,-0.001174794083722508,851.2130030748476,9.130967140197754
1611.6845352169732,-58.69657897949219,174.9893035888672,2.8970794677734375,0.1751452088356018,0.9845426082611084,0.0,1.3947430711991857,-6.59132624996466,-0.000994139570446806,1005.8949766485607,9.223668098449707
1619.128466075087,-57.37158203125,182.29942321777344,2.4294891357421875,0.18159492313861847,0.9833734631538391,0.0,1.388188235802294,-5.9783273816600175,-0.0008692394577474172,1150.4309785837852,9.409069061279297
1626.6249669402966,-55.988525390625,189.6549530029297,2.00421142578125,0.18791496753692627,0.9821852445602417,0.0,1.3817574529825845,-5.38434964815962,-0.0008985154543502127,1112.9469116623918,9.7335205078125
1634.1711281082291,-54.54669189453125,197.05210876464844,1.6198272705078125,0.19487324357032776,0.9808284640312195,0.0,1.3746681179932674,-4.83370001637872,-0.001009814919552543,990.2804767858926,10.197021484375
1641.7637651425975,-53.03800964355469,204.48524475097656,1.2726898193359375,0.20291389524936676,0.9791965484619141,0.0,1.3664635091713644,-4.236626765837127,-0.0011880356933594571,841.7255521778635,10.79957389831543
1649.400008217489,-51.453094482421875,211.9492645263672,0.9749298095703125,0.2125951498746872,0.9771403670310974,0.0,1.3565662683175623,-3.4640748156585888,-0.0014709628293630983,679.826831812591,11.541175842285156
1657.0752057644754,-49.775482177734375,219.43527221679688,0.7426300048828125,0.2249278873205185,0.9743753671646118,0.0,1.3439272900665682,-2.4945668872232667,-0.0018424431158385324,542.7575979977435,12.329129219055176
1664.781994537531,-47.983428955078125,226.92929077148438,0.591552734375,0.24021068215370178,0.9707207679748535,0.0,1.3282134424327405,-1.3342944091747917,-0.0021740771397613656,459.96527984732114,13.117082595825195
1672.4652545500892,-46.0706787109375,234.37045288085938,0.5369873046875,0.2573915719985962,0.9663072228431702,0.0,1.3104744853108123,-0.43539380711577136,-0.002004195819765797,498.95324106446657,13.858684539794922
1679.9743613319883,-44.08709716796875,241.61282348632812,0.5244598388671875,0.26975274085998535,0.9629296064376831,0.0,1.2976600781031273,-0.25093915217969665,-0.0015706580370374867,636.6758240298827,14.507588386535645
1687.2127512951708,-42.0987548828125,248.57272338867188,0.50042724609375,0.27977269887924194,0.9600662589073181,0.0,1.287238979160589,-0.04480683144084119,-0.0016887296153640374,592.1611079133181,15.156482696533203
1694.1749000805507,-40.10479736328125,255.2432098388672,0.51654052734375,0.29263582825660706,0.9562240242958069,0.0,1.2738141677211268,0.19548686689502895,-0.0021500110162399055,465.1138959040648,15.619976043701172
1700.8696123959594,-38.095794677734375,261.6293640136719,0.527313232421875,0.30772721767425537,0.9514746069908142,0.0,1.257992909538767,0.1372122594103388,-0.002708182355368849,369.25135340962004,15.94442081451416
1707.2949526044258,-36.0616455078125,267.7242126464844,0.53466796875,0.326247900724411,0.9452842473983765,0.0,1.2384647663321213,0.07044264885234172,-0.003214550609148492,311.08547401743715,16.129817962646484
1713.454957038353,-33.991302490234375,273.52587890625,0.536407470703125,0.34587252140045166,0.9382815361022949,0.0,1.217627794337824,-0.012269900466858885,-0.0034189214379985455,292.4899030687892,16.176166534423828
1719.347086947234,-31.896408081054688,279.03302001953125,0.5334014892578125,0.36489295959472656,0.9310494661331177,0.0,1.1972784899318873,-0.0834473464327079,-0.003171748884841452,315.28347177143803,16.08346939086914
1724.974691427133,-29.7972412109375,284.25445556640625,0.5269622802734375,0.38005155324935913,0.9249653220176697,0.0,1.1809443018018186,-0.13697871933690195,-0.002310652574556926,432.77817314952796,15.8980712890625
1730.337764670471,-27.733810424804688,289.2046813964844,0.518463134765625,0.38869911432266235,0.9213647842407227,0.0,1.1715770811825357,-0.16489826401685226,-0.0009008345639173188,1110.0817398163053,15.666325569152832
1735.4329390128553,-25.752700805664062,293.89892578125,0.5097503662109375,0.3891558349132538,0.9211719036102295,0.0,1.1710813023653002,-0.15029086200706518,0.0008007188640747342,1248.8777832848284,15.388229370117188
1740.254874624397,-23.89337158203125,298.34796142578125,0.503448486328125,0.3818119764328003,0.924239993095398,0.0,1.179040307852338,0.034450502992266346,0.0026682007649382333,374.78439146731495,15.156482696533203
1744.8119564658407,-22.191192626953125,302.5751953125,0.5121307373046875,0.3664717972278595,0.9304291605949402,0.0,1.1955821680434615,0.22050957079501124,0.003443180917400257,290.4291188843603,15.017435073852539
1749.1056493230308,-20.648239135742188,306.5820617675781,0.5228118896484375,0.3533836603164673,0.9354785084724426,0.0,1.20961065563503,0.21959762168287794,0.002564713236094529,389.90713890601313,14.878387451171875
1753.1478786466519,-19.233978271484375,310.3688049316406,0.53057861328125,0.3461759388446808,0.9381695985794067,0.0,1.2173043872362268,0.1583933305941851,0.0010016191473176672,998.3834700824128,14.832038879394531
1756.9727930585484,-17.912933349609375,313.9583435058594,0.5354156494140625,0.34564343094825745,0.9383658766746521,0.0,1.2178719167751473,0.084680114415564,-0.0019051111213592709,524.9037648189852,14.832038879394531
1760.570852554829,-16.646942138671875,317.3263244628906,0.53704833984375,0.3585642874240875,0.9335049986839294,0.0,1.2040668557558607,0.02192510332969938,-0.006052629424305733,165.2174501191612,14.785688400268555
1763.9346709893575,-15.398727416992188,320.4499816894531,0.53704833984375,0.38393837213516235,0.9233587384223938,0.0,1.176738532263225,-0.0004900770316423886,-0.010734527680609451,93.15733581891747,14.692988395690918
1767.1287895005553,-14.110992431640625,323.3730163574219,0.537017822265625,0.42255473136901855,0.9063373804092407,0.0,1.1345340985684402,4.2499990146604993e-05,-0.01589770368606358,62.902166234022275,14.18220043182373
1770.1868764694066,-12.741653442382812,326.1073913574219,0.53704833984375,0.47304055094718933,0.881040632724762,0.0,1.0780576320508939,0.000494384288843297,-0.020311154243952467,49.23403111360569,13.18320083618164
1773.1893230276105,-11.233306884765625,328.7034606933594,0.53704833984375,0.5304704308509827,0.8477034568786621,0.0,1.011640919326925,-0.0002558319736986614,-0.024154843830347716,41.39956387313164,12.18420124053955
1776.178244643414,-9.54754638671875,331.171630859375,0.5370330810546875,0.5951114892959595,0.8036431670188904,0.0,0.9333919644708222,-4.055872494801438e-06,-0.026938360829948937,37.12178355292658,11.185201644897461
1779.1911025804313,-7.6518707275390625,333.51336669921875,0.53704833984375,0.6600384712219238,0.7512317895889282,0.0,0.8499263497133073,0.00025439183552189437,-0.027322155227264555,36.60033374680882,10.186202049255371
1782.231786865526,-5.54931640625,335.7099609375,0.53704833984375,0.7192893624305725,0.6947105526924133,0.0,0.7680174447521868,0.0004933806184923006,-0.02605410427111543,38.38166876105728,9.187202453613281
1785.307018357927,-3.253021240234375,337.7554626464844,0.537078857421875,0.7708365321159363,0.6370329856872559,0.0,0.6906430375756019,0.0004981631852599144,-0.02522220840499334,39.64759881224461,8.188202857971191
1788.4068883132177,-0.7868499755859375,339.633544921875,0.537078857421875,0.8183485269546509,0.5747222304344177,0.0,0.6122646968621044,-0.0004979643062591466,-0.026513193732009444,37.7170706067258,7.189202785491943
1791.4829396223479,1.8049468994140625,341.2902526855469,0.53704833984375,0.8643409609794617,0.502906322479248,0.0,0.5269579523060519,1.9406235524099813e-05,-0.029349460159291185,34.07217695223703,6.190202713012695
1794.499975540496,4.4825897216796875,342.68048095703125,0.537078857421875,0.9074487090110779,0.42016297578811646,0.0,0.4336248905671373,-2.2674440190717515e-05,-0.03228503266228544,30.974105259870925,5.191202640533447
1797.4508630138705,7.2205047607421875,343.78118896484375,0.53704833984375,0.944587767124176,0.32825911045074463,0.0,0.3344599520690324,-0.4486842636221136,-0.033195786910625635,30.124304710484513,4.377498626708984
1800.3314657083183,9.983642578125,344.5950012207031,0.51153564453125,0.9713410139083862,0.23769012093544006,0.0,0.2399871305490802,-0.6238538768242388,-0.03549742278235013,28.1710592380587,4.264199256896973
1803.1343748030113,12.739089965820312,345.1085205078125,0.501190185546875,0.9911521077156067,0.13273115456104279,0.0,0.13312400626974,-0.13800929460950767,-0.03972807280735302,25.171117784875694,3.337197780609131
1805.8507584452902,15.447738647460938,345.3133544921875,0.5035247802734375,0.9997797608375549,0.020987723022699356,0.0,0.020989263548581043,0.048445513709843846,-0.041546462569547415,24.06943788116817,2.827348232269287
1808.4758221793552,18.071136474609375,345.2198486328125,0.50384521484375,0.9960645437240601,-0.08863009512424469,0.0,-0.08874654895829802,-0.05814535959345474,-0.041139476913261364,24.307552624171766,2.5955984592437744
1811.0150064377212,20.58428955078125,344.8572082519531,0.500640869140625,0.9817051887512207,-0.19040760397911072,0.0,-0.19157731691470045,-0.07552633017044452,-0.04049977394416859,24.69149584337337,2.337799310684204
1813.515413223277,23.011322021484375,344.25592041015625,0.5,0.9574254155158997,-0.2886807918548584,0.0,-0.2928486766503587,1.2273320177684872,-0.03892524571982925,25.69026814108411,2.080000162124634
1816.0107581996267,25.358535766601562,343.4112243652344,0.56182861328125,0.9264020323753357,-0.37653589248657227,0.0,-0.38605412763489805,-0.023616614812749237,-0.03129399047895953,31.955017071803244,2.1161999702453613
1818.483156324925,27.62139892578125,342.41705322265625,0.499969482421875,0.9010612964630127,-0.4336917996406555,0.0,-0.44858591577248136,-1.2640939213639457,-0.03174347549668077,31.502536642673675,2.1523995399475098
1821.0102920859542,29.84051513671875,341.20794677734375,0.5,0.8548831343650818,-0.5188206434249878,0.0,-0.5454708091004749,0.00028682150330500145,-0.03532488372288767,28.308656522259998,2.188599109649658
1823.4878363510861,31.903518676757812,339.83599853515625,0.4999847412109375,0.8105700016021729,-0.5856417417526245,0.0,-0.6256715563975399,-0.00030474312218281563,-0.03306378668502896,30.244569671531078,2.2247989177703857
1825.9144397793355,33.80958557128906,338.334228515625,0.4999847412109375,0.7599561214447021,-0.6499742865562439,0.0,-0.7075506522497998,-0.00032393993250751096,-0.03495440685552298,28.60869601173034,2.3638486862182617
1828.29311743175,35.54621887207031,336.708740234375,0.499969482421875,0.7013389468193054,-0.7128280401229858,0.0,-0.7935222680077794,0.34474593118689195,-0.03878508716247331,25.783105651172924,2.688298225402832
1830.6230680851081,37.09486389160156,334.968017578125,0.5158843994140625,0.6294739246368408,-0.777021586894989,0.0,-0.8899203290576196,1.1023159388872064,-0.041415464130348356,24.145570283908075,3.1517977714538574
1832.918807379232,38.44334411621094,333.1103820800781,0.5506744384765625,0.5527843832969666,-0.8333243727684021,0.0,-0.9850945094461362,1.1890686529789696,-0.03894672261970977,25.67610142101995,3.6616475582122803
1835.2145680513318,39.623779296875,331.1414489746094,0.5704803466796875,0.48122552037239075,-0.8765968084335327,0.0,-1.0687440973260203,0.8627165907938593,-0.03643654536662903,27.44497289569788,4.171499252319336
