variant,env,status,line_source,n_nodes,n_segments,length_m,climb_m,elev_min_m,elev_max_m,min_radius_m,max_slope_pct,mean_width_m,mean_drive_left_m,mean_drive_right_m,mean_limit_left_m,mean_limit_right_m,v_min_kmh,v_max_kmh,env_x_min_m,env_x_max_m,env_y_min_m,env_y_max_m,env_layout_count
AS1,AS,ok,knw:FBM,294.0,14.0,1862.1916576112667,20.478866577148438,6.135223388671875,18.751144409179688,25.763770563241387,17.222415369124842,14.566571277015063,-8.799320108225556,5.767251168789507,-31.416891367257048,23.97180056409771,67.70668766892778,288.0,-1152.0,1024.0,-1216.0,1088.0,9.0
AS1R,AS,ok,knw:FBM,294.0,14.0,1862.0642456072812,20.308792114257812,6.135223388671875,18.751144409179688,25.763770563241884,17.222415369124555,14.566571277015063,-5.767251168789507,8.799320108225556,-23.97180056409771,31.416891367257048,67.70668766892845,288.0,-1152.0,1024.0,-1216.0,1088.0,9.0
AS2,AS,ok,knw:FBM,393.0,15.0,3111.9240317138906,12.913711547851562,11.603424072265625,17.32861328125,30.84075112131615,6.054550253329594,14.89910588146166,-6.600799224455544,8.298306657006115,-29.045539426439593,21.358780115918652,74.07801385563106,288.0,-1152.0,1024.0,-1216.0,1088.0,9.0
AS2R,AS,ok,knw:FBM,393.0,15.0,3111.792173621362,12.912750244140625,11.603424072265625,17.32861328125,30.840751121316163,6.054550253329349,14.89910588146166,-8.298306657006115,6.600799224455544,-21.358780115918652,29.045539426439593,74.07801385563106,288.0,-1152.0,1024.0,-1216.0,1088.0,9.0
AS3,AS,ok,knw:FBM,627.0,16.0,5593.864260077172,52.161163330078125,7.8849945068359375,37.570526123046875,25.073804153579722,8.80777551512708,14.725929954702679,-6.622454047773443,8.103475906929235,-24.504195736545885,19.298278823803866,66.79392599739167,288.0,-1152.0,1024.0,-1216.0,1088.0,9.0
AS3R,AS,ok,knw:FBM,627.0,16.0,5593.76463886315,52.16026306152344,7.8849945068359375,37.570526123046875,25.07380415357977,8.807775515127346,14.725929954702679,-8.103475906929235,6.622454047773443,-19.298278823803866,24.504195736545885,66.79392599739174,288.0,-1152.0,1024.0,-1216.0,1088.0,9.0
AS4,AS,ok,knw:FBM,920.0,38.0,8120.512076998969,88.45762634277344,1.232452392578125,37.767974853515625,34.610221338382054,17.682006420268724,13.856957382190487,-6.583416826828667,7.27354055536182,-23.604105088503463,18.53836371794991,78.47458808229246,288.0,-1152.0,1024.0,-1216.0,1088.0,9.0
AS4R,AS,ok,knw:FBM,920.0,38.0,8120.423610331229,88.45619201660156,1.232452392578125,37.767974853515625,34.610221338381166,17.682006420268724,13.856957382190487,-7.27354055536182,6.583416826828667,-18.53836371794991,23.604105088503463,78.47458808229145,288.0,-1152.0,1024.0,-1216.0,1088.0,9.0
AS5,AS,ok,knw:FBM,1024.0,33.0,8792.610235608547,84.29417419433594,1.3576202392578125,37.60249328613281,25.006550347775743,10.29099709182848,14.042173430603725,-6.637760207580868,7.404413223022857,-22.307070966809988,19.429977579042315,66.70428738505242,288.0,-1152.0,1024.0,-1216.0,1088.0,9.0
AS5R,AS,ok,knw:FBM,1024.0,33.0,8792.531589544345,84.29328918457031,1.3576202392578125,37.60249328613281,25.006550347774223,10.290997091827913,14.042173430603725,-7.404413223022857,6.637760207580868,-19.429977579042315,22.307070966809988,66.70428738505039,288.0,-1152.0,1024.0,-1216.0,1088.0,9.0
AS6,AS,ok,knw:FBM,1002.0,33.0,8035.005474380993,74.84300231933594,1.27001953125,37.629425048828125,26.544173789436766,10.290935119637734,13.986830423078583,-7.259907794075306,6.726922629003277,-22.029488534984473,19.314315281942218,68.72447999666288,288.0,-1152.0,1024.0,-1216.0,1088.0,9.0
AS6R,AS,ok,knw:FBM,1002.0,33.0,8034.863971040007,74.84098815917969,1.27001953125,37.629425048828125,26.544173789435206,10.290935119637734,13.986830423078583,-6.726922629003277,7.259907794075306,-19.314315281942218,22.029488534984473,68.72447999666085,288.0,-1152.0,1024.0,-1216.0,1088.0,9.0
AS7,AS,ok,knw:FBM,637.0,32.0,5160.7046944248905,51.37931823730469,1.2466583251953125,18.754074096679688,16.224829120430098,18.292805321485805,13.316902685284708,-7.488055371508306,5.828847313776402,-24.334026401046682,20.747109205045355,53.73001009343569,288.0,-1152.0,1024.0,-1216.0,1088.0,9.0
AS7R,AS,ok,knw:FBM,637.0,32.0,5160.508834628268,51.18798828125,1.2466583251953125,18.754074096679688,16.224829120431984,18.292805321485684,13.316902685284708,-5.828847313776402,7.488055371508306,-20.747109205045355,24.334026401046682,53.730010093438814,288.0,-1152.0,1024.0,-1216.0,1088.0,9.0
AS8,AS,ok,knw:FBM,783.0,34.0,5388.6991122866075,56.724822998046875,6.1418914794921875,37.654510498046875,27.758991337391766,17.929411529057216,14.32772397541585,-7.416981540724997,6.910742434690853,-23.83658158398527,23.507542666195302,70.27950550312961,288.0,-1152.0,1024.0,-1216.0,1088.0,9.0
AS8R,AS,ok,knw:FBM,783.0,34.0,5388.626684620083,56.72483825683594,6.1418914794921875,37.654510498046875,27.758991337393628,17.929411529057216,14.32772397541585,-6.910742434690853,7.416981540724997,-23.507542666195302,23.83658158398527,70.27950550313196,288.0,-1152.0,1024.0,-1216.0,1088.0,9.0
AS9,AS,ok,knw:FBM,401.0,11.0,3869.5125081480655,22.294677734375,11.296463012695312,21.239273071289062,38.61744078255212,6.102369918420747,15.582265973685686,-6.735757451104999,8.846508522580686,-26.704649214138115,20.82304959285289,82.89314190086834,288.0,-1152.0,1024.0,-1216.0,1088.0,9.0
AS9R,AS,ok,knw:FBM,401.0,11.0,3869.358824384695,22.29315185546875,11.296463012695312,21.239273071289062,38.61744078255076,6.102369918420747,15.582265973685686,-8.846508522580686,6.735757451104999,-20.82304959285289,26.704649214138115,82.89314190086688,288.0,-1152.0,1024.0,-1216.0,1088.0,9.0
AU1,AU,ok,heuristic,40.0,1.0,521.0010862597675,0.060546875,2.5,2.65924072265625,1000000.0,1.1919294220088108,296.0,-86.0,210.0,-86.0,210.0,288.0,288.0,-320.0,192.0,-1280.0,832.0,4.0
AU2,AU,ok,heuristic,20.0,1.0,185.00205315074365,0.000152587890625,2.499969482421875,2.699981689453125,1000000.0,2.0532785268066496,168.0,-106.0,62.0,-106.0,62.0,288.0,288.0,-320.0,192.0,-1280.0,832.0,4.0
AU3,AU,ok,knw:FBM,146.0,1.0,1303.166268128812,7.8846588134765625,2.49853515625,10.063812255859375,1000000.0,13.497543102178373,256.0,-186.0,70.0,-186.0,70.0,288.0,288.0,-320.0,192.0,-1280.0,832.0,4.0
AU4,AU,ok,knw:FBM,146.0,1.0,1303.1662834207832,7.8848114013671875,2.49853515625,10.063934326171875,1000000.0,13.498864562469082,256.0,-186.0,70.0,-186.0,70.0,288.0,288.0,-320.0,192.0,-1280.0,832.0,4.0
BL1,BL,ok,knw:FBM,402.0,15.0,3287.0802193150075,35.40443420410156,0.0249481201171875,15.778244018554688,28.752239250823184,9.721946348992978,12.636003436733834,-5.784966208448457,6.851037228285377,-32.70145850276472,19.08713461036113,71.52579492783426,288.0,-1152.0,512.0,-832.0,832.0,4.0
BL1R,BL,ok,knw:FBM,402.0,15.0,3286.9010671712326,34.65602111816406,0.0249481201171875,15.778244018554688,28.752239250822377,9.721946348993022,12.636003436733834,-6.851037228285377,5.784966208448457,-19.08713461036113,32.70145850276472,71.52579492783325,288.0,-1152.0,512.0,-832.0,832.0,4.0
BL2,BL,ok,knw:FBM,372.0,13.0,3283.5845941948887,35.04833984375,0.0234527587890625,15.804122924804688,27.245250080430008,9.682907119326368,13.052064094141686,-5.480238731990578,7.571825362151108,-31.431921710250197,20.35970881421079,69.62612984783414,288.0,-1152.0,512.0,-832.0,832.0,4.0
BL2R,BL,ok,knw:FBM,372.0,13.0,3283.307065194098,34.19677734375,0.0234527587890625,15.804122924804688,27.245250080430065,9.682907119326284,13.052064094141686,-7.571825362151108,5.480238731990578,-20.35970881421079,31.431921710250197,69.62612984783422,288.0,-1152.0,512.0,-832.0,832.0,4.0
BL3,BL,ok,knw:FBM,423.0,15.0,1830.829752589147,28.66998291015625,0.11822509765625,10.715789794921875,24.069437881168184,14.91008543493889,15.094844767810605,-7.384475605284914,7.710369162525691,-33.83701374344792,14.664318914390906,65.44249226293313,276.08162516148377,-1152.0,512.0,-832.0,832.0,4.0
BL3R,BL,ok,knw:FBM,528.0,19.0,2377.970705281038,38.90357971191406,0.11822509765625,10.730499267578125,24.06943788116817,14.910085434939191,14.08166541057554,-7.1713752949779686,6.910290115597573,-12.74243731209726,28.102380328557707,65.4424922629331,272.256057446635,-1152.0,512.0,-832.0,832.0,4.0
BL4,BL,ok,heuristic,80.0,1.0,422.0219320293094,2.42095947265625,8.748046875,10.930465698242188,1000000.0,2.8296641712218467,236.00001525878906,-126.00000762939453,110.00000762939453,-126.00000762939453,110.00000762939453,288.0,288.0,-1152.0,512.0,-832.0,832.0,4.0
FE1,FE,ok,knw:FBM,352.0,12.0,1576.667230410935,20.481613159179688,2.0400238037109375,14.311904907226562,24.72123039712188,9.735632309294129,13.235275598835539,-5.803015699864111,7.432259898971427,-18.739231293851677,20.61278480833227,66.3226540988634,288.0,-512.0,768.0,-1024.0,640.0,6.0
FE1R,FE,ok,knw:FBM,352.0,12.0,1576.5141799124417,20.36004638671875,2.0400238037109375,14.311904907226562,24.721230397121793,9.735632309293884,13.235275598835539,-7.432259898971427,5.803015699864111,-20.61278480833227,18.739231293851677,66.32265409886328,288.0,-512.0,768.0,-1024.0,640.0,6.0
FE2,FE,ok,knw:FBM,436.0,25.0,3077.212607406956,23.87738037109375,2.366424560546875,16.567626953125,47.58843959218526,9.004311555540623,12.601531222941132,-7.829267339627131,4.772263883314001,-18.684921260273786,15.332450414469482,92.0190168221923,288.0,-512.0,768.0,-1024.0,640.0,6.0
FE2R,FE,ok,knw:FBM,511.0,27.0,3510.461847414743,28.947296142578125,2.333770751953125,16.567626953125,47.588439592184,9.004311555540633,12.219701787088715,-4.805688949363805,7.4140128377249095,-13.81594595050625,16.67637117314945,92.01901682219108,288.0,-512.0,768.0,-1024.0,640.0,6.0
FE3,FE,ok,knw:FBM,591.0,26.0,3504.908698426816,28.129791259765625,1.17388916015625,16.17535400390625,28.295829642040818,7.63897762145117,12.987907158945216,-6.579726401722774,6.408180757222442,-18.37328276698763,18.360329143892084,70.95582802378861,288.0,-512.0,768.0,-1024.0,640.0,6.0
FE3R,FE,ok,knw:FBM,664.0,28.0,4103.89222119189,32.26817321777344,1.17388916015625,16.17535400390625,28.295829642041415,7.638977621451032,12.659417365868407,-6.253365704094071,6.406051661774336,-16.891497777169008,16.903027282062784,70.95582802378937,288.0,-512.0,768.0,-1024.0,640.0,6.0
FE4,FE,ok,knw:FBM,1022.0,49.0,6549.768080477823,51.51414489746094,1.17034912109375,16.572525024414062,21.51555238415417,8.684668535486251,13.214527129572899,-6.560880450061623,6.653646679511276,-17.951811798864615,17.438662304803582,61.87327535376368,288.0,-512.0,768.0,-1024.0,640.0,6.0
FE4R,FE,ok,knw:FBM,1022.0,49.0,6549.615338135915,51.3951416015625,1.17034912109375,16.572525024414062,21.51555238415525,8.684668535486251,13.214527129572899,-6.653646679511276,6.560880450061623,-17.438662304803582,17.951811798864615,61.87327535376523,288.0,-512.0,768.0,-1024.0,640.0,6.0
FE5,FE,ok,knw:FBM,477.0,16.0,2008.4269453887068,14.233901977539062,2.3673553466796875,12.882553100585938,14.817858422985424,7.477922356255484,14.134033088414174,-7.613873800391671,6.520159288022503,-12.018427661379928,14.30135765065687,51.34753231515223,288.0,-512.0,768.0,-1024.0,640.0,6.0
FE5R,FE,ok,knw:FBM,552.0,18.0,2432.461608583053,19.303817749023438,2.333770751953125,12.882553100585938,14.817858422985083,7.477922356255573,13.572343810097031,-6.313615906497707,7.258727903599325,-13.037586230730664,11.064836946518525,51.34753231515164,288.0,-512.0,768.0,-1024.0,640.0,6.0
FE6,FE,ok,knw:FBM,215.0,8.0,740.4611713708584,6.2628021240234375,7.6039276123046875,13.392471313476562,13.624764261559346,9.892419632169936,14.62931030583243,-6.333505963170251,8.29580434266218,-18.694967163440793,13.647934035367744,49.236974058336955,231.7760853271634,-512.0,768.0,-1024.0,640.0,6.0
FE6R,FE,ok,knw:FBM,277.0,11.0,1000.8215778044137,6.7570648193359375,7.6039276123046875,13.392471313476562,13.624764261559365,9.892419632169913,13.59314698828149,-7.558115284015771,6.035031704265719,-11.712295370411788,15.62966765393419,49.23697405833699,253.5777403966936,-512.0,768.0,-1024.0,640.0,6.0
KY1,KY,ok,knw:FBM,246.0,7.0,2966.5064213035466,9.682952880859375,7.6070556640625,10.266555786132812,193.9130596783405,2.505283722784246,20.626116650860485,-11.858502625449885,8.767614025410598,-80.18245714079073,9.599197625629301,185.75066869722644,288.0,-1792.0,896.0,-1664.0,1408.0,8.0
KY1R,KY,ok,knw:FBM,246.0,7.0,2966.496690111384,9.682632446289062,7.6070556640625,10.266555786132812,193.91305967833677,2.505283722784246,20.626116650860485,-8.767614025410598,11.858502625449885,-9.599197625629301,80.18245714079073,185.75066869722465,288.0,-1792.0,896.0,-1664.0,1408.0,8.0
KY2,KY,ok,knw:FBM,678.0,26.0,5144.641595696287,25.367660522460938,4.5410003662109375,13.62371826171875,20.658241801296956,4.419027370165008,16.08528310797867,-6.546202431430156,9.539080676548513,-20.732181070301035,45.23441979596748,60.628040859446685,288.0,-1792.0,896.0,-1664.0,1408.0,8.0
KY2R,KY,ok,knw:FBM,678.0,26.0,5144.588279116501,25.376129150390625,4.5410003662109375,13.62371826171875,20.65824180129788,4.419027370165008,16.08528310797867,-9.539080676548513,6.546202431430156,-45.23441979596748,20.732181070301035,60.628040859448035,288.0,-1792.0,896.0,-1664.0,1408.0,8.0
KY3,KY,ok,knw:FBM,814.0,37.0,7429.615429847689,48.40678405761719,3.3600311279296875,20.767303466796875,28.943198084262978,7.718477524586154,13.211955190130512,-6.733485267380898,6.478469922749614,-27.44513687513384,25.506893817564194,71.76292218142787,288.0,-1792.0,896.0,-1664.0,1408.0,8.0
KY3R,KY,ok,knw:FBM,814.0,37.0,7429.593217013443,48.40687561035156,3.3600311279296875,20.767303466796875,28.94319808426063,7.718477524585754,13.211955190130512,-6.478469922749614,6.733485267380898,-25.506893817564194,27.44513687513384,71.76292218142495,288.0,-1792.0,896.0,-1664.0,1408.0,8.0
KY4,KY,ok,knw:FBM,1286.0,53.0,9912.212501324175,65.56095886230469,3.3621673583984375,20.764480590820312,19.329731013688107,7.6930482134458416,13.382325410309884,-6.528212857245819,6.854112553064064,-27.280313822566814,23.825052089769027,58.64618441274638,288.0,-1792.0,896.0,-1664.0,1408.0,8.0
KY4R,KY,ok,knw:FBM,1286.0,53.0,9912.122536801857,65.56095886230469,3.3621673583984375,20.764480590820312,19.32973101368814,7.693048213445596,13.382325410309884,-6.854112553064064,6.528212857245819,-23.825052089769027,27.280313822566814,58.64618441274643,288.0,-1792.0,896.0,-1664.0,1408.0,8.0
KY5,KY,ok,knw:FBM,467.0,21.0,3113.8019709193686,23.52435302734375,4.54351806640625,13.618988037109375,23.073877612052133,8.39343857970457,13.002450341203229,-6.448783345743855,6.553666995459373,-30.726322200619943,26.774095175353057,64.07478369489426,288.0,-1792.0,896.0,-1664.0,1408.0,8.0
KY5R,KY,ok,knw:FBM,467.0,21.0,3113.958817791157,23.894668579101562,4.54351806640625,13.618988037109375,23.07387761205219,8.393438579704672,13.002450341203229,-6.553666995459373,6.448783345743855,-26.774095175353057,30.726322200619943,64.07478369489435,288.0,-1792.0,896.0,-1664.0,1408.0,8.0
KY6,KY,ok,knw:FBM,220.0,12.0,2973.6006917621303,16.608779907226562,7.6140594482421875,12.788986206054688,72.63161447596752,8.521673158186548,15.759774766320533,-9.821056578647006,5.938718187673525,-63.82464914321899,8.486281836032868,113.6814764339202,288.0,-1792.0,896.0,-1664.0,1408.0,8.0
KY6R,KY,ok,knw:FBM,220.0,12.0,2973.4825532436457,16.603485107421875,7.6140594482421875,12.788986206054688,72.63161447596761,8.521673158186548,15.759774766320533,-5.938718187673525,9.821056578647006,-8.486281836032868,63.82464914321899,113.68147643392025,288.0,-1792.0,896.0,-1664.0,1408.0,8.0
KY7,KY,ok,knw:FBM,962.0,43.0,7737.798822490185,50.558807373046875,3.2989044189453125,20.770172119140625,24.532753222846257,7.941439647760207,14.045748148492988,-7.6374675790060955,6.408280569486893,-21.651768622056363,28.261864555105102,66.06934503219645,288.0,-1792.0,896.0,-1664.0,1408.0,8.0
KY7R,KY,ok,knw:FBM,962.0,43.0,7737.733719827046,50.558807373046875,3.2989044189453125,20.770172119140625,24.532753222846306,7.941439647760484,14.045748148492988,-6.408280569486893,7.6374675790060955,-28.261864555105102,21.651768622056363,66.06934503219651,288.0,-1792.0,896.0,-1664.0,1408.0,8.0
KY8,KY,ok,heuristic,343.0,16.0,2043.2811254326718,20.334579467773438,17.322113037109375,22.904708862304688,11.971617654294834,7.643264740260314,10.02375689570306,-5.297250999588487,4.726505896114573,-23.00405783973004,18.01266129023827,46.153354891119605,273.7271325419846,-1792.0,896.0,-1664.0,1408.0,8.0
KY8R,KY,ok,heuristic,343.0,16.0,2043.2281963819091,20.218063354492188,17.322113037109375,22.904708862304688,11.97161765429485,7.643264740260092,10.02375689570306,-4.726505896114573,5.297250999588487,-18.01266129023827,23.00405783973004,46.15335489111964,283.65778371125305,-1792.0,896.0,-1664.0,1408.0,8.0
LA1,LA,ok,heuristic,52.0,1.0,4080.000000000096,0.000244140625,0.499969482421875,0.500030517578125,1000000.0,3.8146972656215306e-05,4080.0,-2040.0,2040.0,-2040.0,2040.0,288.0,288.0,-2048.0,2048.0,-2048.0,2048.0,2.0
LA2,LA,ok,heuristic,52.0,1.0,4080.000000000096,0.000244140625,0.499969482421875,0.500030517578125,1000000.0,3.8146972656215306e-05,4080.0,-2040.0,2040.0,-2040.0,2040.0,288.0,288.0,-2048.0,2048.0,-2048.0,2048.0,2.0
RO1,RO,ok,knw:FBM,503.0,18.0,3088.701822873962,19.362075805664062,1.3903045654296875,14.610992431640625,27.621238958669338,8.062417448140346,14.063234338940493,-8.167284606228291,5.895949732712202,-41.35519905545365,26.863865293754973,70.10490965067656,288.0,-384.0,512.0,-576.0,448.0,11.0
RO10,RO,ok,knw:FBM,661.0,25.0,4046.6005230786213,26.065200805664062,1.372161865234375,13.756256103515625,21.372063489977343,7.747626542757594,14.510212215370922,-7.8162558815482885,6.693956333822634,-39.47402256880513,27.31519403652416,61.666611367228604,288.0,-384.0,512.0,-576.0,448.0,11.0
RO11,RO,ok,knw:FBM,415.0,19.0,2683.3851875312575,18.73309326171875,1.3858795166015625,13.824813842773438,33.519005818944244,7.795941131939194,15.312497042460613,-8.301102381441966,7.011394661018647,-47.818725742202204,25.236827188802053,77.22757907813735,288.0,-384.0,512.0,-576.0,448.0,11.0
RO2,RO,ok,knw:FBM,430.0,20.0,2689.8288471760156,15.012451171875,1.61016845703125,9.959976196289062,24.36585678986887,4.796014383935193,12.26473110318184,-5.378432326261387,6.886298776920452,-41.956713099812355,32.59663038253784,65.84422647914501,257.1535437119982,-384.0,512.0,-576.0,448.0,11.0
RO3,RO,ok,knw:FBM,173.0,13.0,2348.608368917951,12.47772216796875,1.381683349609375,13.715118408203125,179.64494286298805,2.403207895926318,17.434497669253044,-9.511012432892198,7.923485236360848,-60.52706129702529,8.4622131510277,178.7863484499231,288.0,-384.0,512.0,-576.0,448.0,11.0
RO4,RO,ok,knw:FBM,587.0,21.0,3244.4024941923276,21.349166870117188,1.385650634765625,14.033935546875,30.78824806640584,7.388495210751675,14.194221055081186,-7.359609933687434,6.834611121393753,-41.287542897148064,27.87493302549983,74.0149320793122,288.0,-384.0,512.0,-576.0,448.0,11.0
RO5,RO,ok,knw:FBM,190.0,10.0,1039.8905296671787,6.4511566162109375,1.626922607421875,7.207855224609375,25.95027099240381,4.874475764771708,12.051240325601478,-5.494723422276346,6.556516903325131,-35.62518578077617,29.942730647639223,67.9513055275747,223.95483758752977,-384.0,512.0,-576.0,448.0,11.0
RO6,RO,ok,knw:FBM,279.0,11.0,1552.1033613971322,9.036239624023438,4.1630401611328125,9.965560913085938,19.68171586787152,3.865357360621091,12.489727370200619,-5.0949218093708,7.394805560829819,-50.07201201599559,28.936545737755342,59.17773453864025,257.28798808466206,-384.0,512.0,-576.0,448.0,11.0
RO7,RO,ok,knw:FBM,614.0,23.0,3864.539629358745,23.663711547851562,1.36248779296875,13.83892822265625,17.111192928261033,7.808150815309256,14.772612356984267,-7.635556020837654,7.137056336146612,-40.19749223137523,27.286804072437533,55.17813283790481,288.0,-384.0,512.0,-576.0,448.0,11.0
RO8,RO,ok,knw:FBM,546.0,22.0,3554.66889729733,21.100311279296875,1.3807220458984375,13.76922607421875,21.76408518489222,6.296290341972075,14.591146132557384,-7.715201183007314,6.875944949550069,-41.148290188757926,25.73342727501314,62.22960795242496,288.0,-384.0,512.0,-576.0,448.0,11.0
RO9,RO,ok,knw:FBM,301.0,15.0,2187.423236854892,13.632766723632812,1.3811798095703125,13.649429321289062,51.88927831835349,6.248861647763338,15.567669875796055,-8.197283002625273,7.370386873170783,-51.99077421803015,23.029129417829736,96.08722954018417,288.0,-384.0,512.0,-576.0,448.0,11.0
SO1,SO,ok,knw:FBM,262.0,10.0,2021.0884035805345,17.5968017578125,-2.544097900390625,14.576797485351562,30.302481971656835,10.55476650335772,15.193037749929282,-9.963475368860113,5.229562381069169,-29.697373129939304,8.179187597891756,73.42871990650124,288.0,-1792.0,1600.0,-1856.0,1536.0,7.0
SO1R,SO,ok,knw:FBM,262.0,10.0,2022.204623271356,17.589996337890625,-2.544097900390625,14.576797485351562,30.302481971656732,10.55476650335772,15.193037749929282,-5.229562381069169,9.963475368860113,-8.179187597891756,29.697373129939304,73.42871990650112,288.0,-1792.0,1600.0,-1856.0,1536.0,7.0
SO2,SO,ok,knw:FBM,282.0,8.0,2038.9185662055124,20.4326171875,2.3094635009765625,14.543258666992188,27.505625402032898,8.827210857266,14.102880572384976,-7.330744288914593,6.772136283470384,-8.902021351435506,9.681723302560496,69.95803758134915,288.0,-1792.0,1600.0,-1856.0,1536.0,7.0
SO2R,SO,ok,knw:FBM,282.0,8.0,2038.7393702959273,20.432357788085938,2.3094635009765625,14.543258666992188,27.505625402033182,8.8272108572659,14.102880572384976,-6.772136283470384,7.330744288914593,-9.681723302560496,8.902021351435506,69.95803758134952,288.0,-1792.0,1600.0,-1856.0,1536.0,7.0
SO3,SO,ok,knw:FBM,217.0,11.0,1333.7882786174741,15.047271728515625,2.515228271484375,17.307037353515625,30.558960016178403,8.327259053383695,13.138701091713619,-6.761152420175789,6.37754867153783,-9.40539467224877,12.825731089038234,73.73881286000439,245.2086616076184,-1792.0,1600.0,-1856.0,1536.0,7.0
SO3R,SO,ok,knw:FBM,217.0,10.0,1333.4740999410674,15.153884887695312,2.515228271484375,17.307037353515625,30.558960016177952,8.327259053383695,13.138701091713619,-6.37754867153783,6.761152420175789,-12.825731089038234,9.40539467224877,73.73881286000385,245.20866160761892,-1792.0,1600.0,-1856.0,1536.0,7.0
SO4,SO,ok,knw:FBM,560.0,22.0,4017.584304748027,37.83515930175781,-2.49932861328125,17.263412475585938,16.593561330714955,10.64378973674569,14.011620434160744,-6.953512605811868,7.058107828348875,-16.08221736827067,10.141542736973081,54.337125354343506,288.0,-1792.0,1600.0,-1856.0,1536.0,7.0
SO4R,SO,ok,knw:FBM,560.0,22.0,4017.1486403536283,37.81756591796875,-2.49932861328125,17.263412475585938,16.593561330714927,10.64378973674569,14.011620434160744,-7.058107828348875,6.953512605811868,-10.141542736973081,16.08221736827067,54.337125354343456,288.0,-1792.0,1600.0,-1856.0,1536.0,7.0
SO5,SO,ok,knw:FBM,460.0,20.0,3133.4746728920636,31.633209228515625,-2.5539703369140625,17.299209594726562,18.32312704847496,10.754473689876809,14.659847884851953,-7.8317030584034715,6.828144826448482,-18.997063521198605,10.091416372164437,57.098756840897636,288.0,-1792.0,1600.0,-1856.0,1536.0,7.0
SO5R,SO,ok,knw:FBM,460.0,20.0,3134.4957205586575,31.631439208984375,-2.5539703369140625,17.299209594726562,18.323127048475406,10.75447368987711,14.659847884851953,-6.828144826448482,7.8317030584034715,-10.091416372164437,18.997063521198605,57.09875684089833,288.0,-1792.0,1600.0,-1856.0,1536.0,7.0
SO6,SO,ok,knw:FBM,356.0,15.0,2905.3459357234437,23.866485595703125,-2.5475921630859375,11.075363159179688,32.790501309963524,10.952566943350007,14.356021177400365,-6.797379757413704,7.55864141998666,-9.361270332269454,20.246795649274013,76.38373393411088,288.0,-1792.0,1600.0,-1856.0,1536.0,7.0
SO6R,SO,ok,knw:FBM,356.0,15.0,2905.805825305128,23.885452270507812,-2.5475921630859375,11.075363159179688,32.79050130996221,10.952566943349884,14.356021177400365,-7.55864141998666,6.797379757413704,-20.246795649274013,9.361270332269454,76.38373393410936,288.0,-1792.0,1600.0,-1856.0,1536.0,7.0
SO7,,empty,,,,,,,,,,,,,,,,,,,,,
WE1,WE,ok,knw:FBM,493.0,16.0,4383.103393579946,55.44244384765625,0.8853302001953125,34.117645263671875,32.405636013195064,9.664111628486838,11.963287478324185,-5.89757336338351,6.065714114940675,-33.03283989115129,36.81400662164901,75.93414918557562,288.0,-1088.0,960.0,-1536.0,1280.0,7.0
WE1R,WE,ok,knw:FBM,493.0,16.0,4382.984332472737,55.44244384765625,0.8853302001953125,34.117645263671875,32.40563601319319,9.664111628486683,11.963287478324185,-6.065714114940675,5.89757336338351,-36.81400662164901,33.03283989115129,75.93414918557343,288.0,-1088.0,960.0,-1536.0,1280.0,7.0
WE2,WE,ok,knw:FBM,614.0,25.0,5737.160350656867,64.87832641601562,0.8748931884765625,34.121307373046875,45.609034516866494,6.972354139164683,11.768827615572741,-6.531101992772437,5.237725622800303,-34.31238360280711,34.20131140811436,90.08496120290319,288.0,-1088.0,960.0,-1536.0,1280.0,7.0
WE2R,WE,ok,knw:FBM,698.0,25.0,6596.876641242612,73.396484375,0.8748931884765625,34.121307373046875,45.609034516866274,6.972354139164572,11.555960108827596,-5.209116808595109,6.3468433002324876,-30.687113473613486,30.78481881393061,90.08496120290297,288.0,-1088.0,960.0,-1536.0,1280.0,7.0
WE3,WE,ok,heuristic,59.0,1.0,831.4488603932933,0.417144775390625,5.106689453125,27.632232666015625,1000000.0,4.540331324752067,26.042074926828935,-9.518583903878422,16.523491022950513,-82.51050502971067,116.00171582173493,288.0,288.0,-1088.0,960.0,-1536.0,1280.0,7.0
WE4,WE,ok,heuristic,139.0,7.0,476.4842715070084,3.60009765625,13.795318603515625,17.355255126953125,9.317308626969089,6.840575206553767,7.429147045442955,-3.6545932031899904,3.7745538422529648,-11.48169857134922,12.678926985898464,40.71665545976383,179.1291367361792,-1088.0,960.0,-1536.0,1280.0,7.0
WE4R,WE,ok,heuristic,139.0,6.0,476.6235492252695,3.600128173828125,13.795318603515625,17.355255126953125,9.317308626969151,6.840575206553767,7.429147045442955,-3.7745538422529648,3.6545932031899904,-12.678926985898464,11.48169857134922,40.716655459763956,189.45327058574264,-1088.0,960.0,-1536.0,1280.0,7.0
WE5,WE,ok,knw:FBM,293.0,17.0,1311.2272265382107,7.485137939453125,17.399978637695312,21.340042114257812,13.533124012037517,4.535709505508834,8.240169533359923,-4.412847958810297,3.827321574549626,-21.847740969153396,28.379208232762462,49.07111059058069,191.60959295958492,-1088.0,960.0,-1536.0,1280.0,7.0
WE5R,WE,ok,knw:FBM,293.0,16.0,1310.9107320302287,7.368011474609375,17.399978637695312,21.340042114257812,13.533124012037355,4.535709505508834,8.240169533359923,-3.827321574549626,4.412847958810297,-28.379208232762462,21.847740969153396,49.071110590580396,191.60959295958537,-1088.0,960.0,-1536.0,1280.0,7.0
WE6,WE,ok,knw:FBM,523.0,24.0,5718.000533704465,64.70173645019531,0.86383056640625,34.12004089355469,37.45570090594557,6.918389210256204,11.709664251284948,-6.5755109703791526,5.134153280905795,-22.888685315790415,21.340513712589416,81.63677137114682,288.0,-1088.0,960.0,-1536.0,1280.0,7.0
WE6R,WE,ok,knw:FBM,523.0,24.0,5718.1810228928325,64.70173645019531,0.86383056640625,34.12004089355469,37.455700905946266,6.918389210256026,11.709664251284948,-5.134153280905795,6.5755109703791526,-21.340513712589416,22.888685315790415,81.63677137114757,288.0,-1088.0,960.0,-1536.0,1280.0,7.0
WE7,WE,ok,knw:FBM,442.0,22.0,4401.421692751112,55.49708557128906,0.871429443359375,34.116912841796875,30.520078275172164,9.811190236500366,11.269363153186454,-5.950574416110958,5.318788737075496,-26.7604612915764,23.546862956085896,73.69188708127093,288.0,-1088.0,960.0,-1536.0,1280.0,7.0
WE7R,WE,ok,knw:FBM,442.0,22.0,4401.3397808353875,55.49708557128906,0.871429443359375,34.116912841796875,30.52007827517286,9.81119023650059,11.269363153186454,-5.318788737075496,5.950574416110958,-23.546862956085896,26.7604612915764,73.69188708127179,288.0,-1088.0,960.0,-1536.0,1280.0,7.0
