s_m,x_center_m,y_center_m,z_center_m,x_line_m,y_line_m,offset_m,heading_rad,curvature_1_per_m,radius_m,slope_pct,width_m,drive_left_m,drive_right_m,limit_left_m,limit_right_m,segment_id,segment_kind,v_target_ms,v_target_kmh
0.0,-250.3159942626953,-382.92144775390625,9.699417114257812,-250.3159953738473,-382.92144816372013,-1.1843167505150818e-06,-1.2174556473982048,0.0023752798778055835,421.0030191995126,-0.44251773999342575,17.4514319896698,-13.951434135437012,3.499997854232788,-21.29996109008789,10.85002326965332,0,straight,70.43826122130378,253.5777403966936
5.3550168213402145,-248.4288330078125,-387.932861328125,9.67572021484375,-248.4288426499388,-387.93286502431573,-1.0326297744965868e-05,-1.204735983697165,0.0019989110070792043,500.27239654915576,-0.4505294167962526,17.542865991592407,-13.94286823272705,3.5999977588653564,-23.099933624267578,10.950023651123047,0,straight,69.53785431097394,250.3362755195062
10.95763471613735,-246.39869689941406,-393.1546630859375,9.650009155273438,-246.39873391836076,-393.1546776598588,-3.9784439146002064e-05,-1.1957429982409258,0.0013656094361369497,732.2737918601459,-0.4629298168806084,17.684298992156982,-13.934301376342773,3.749997615814209,-24.749908447265625,11.100024223327637,0,straight,68.58316259481629,246.89938534133864
16.769132668594477,-244.2510986328125,-398.5547180175781,9.62286376953125,-244.25120832731858,-398.5547620276767,-0.00011819379612836107,-1.189250691024302,0.000989561431347652,1010.5486817914195,-0.467623135975781,17.825731992721558,-13.925734519958496,3.8999974727630615,-26.199886322021484,11.250024795532227,0,straight,67.57862833883132,243.28306201979277
22.805264478085444,-241.9888153076172,-404.1508026123047,9.5946044921875,-241.98910022378396,-404.1509186371548,-0.0003076345038060092,-1.1840774694242844,0.0009222474382795387,1084.307701483573,-0.4693966989833043,17.967164993286133,-13.917167663574219,4.049997329711914,-27.349868774414062,11.350025177001953,0,straight,66.51920663488846,239.46914388559847
29.023393829026006,-239.6269073486328,-409.90281677246094,9.565338134765625,-239.6275853667643,-409.90309775348913,-0.0007339338695240415,-1.1779251379802356,0.001208135017072287,827.7220557875497,-0.4343509085646846,18.008599281311035,-13.908601760864258,4.099997520446777,-27.949859619140625,11.400025367736816,0,straight,65.40990144967677,235.47564521883638
35.3215281646593,-237.19105529785156,-415.7107849121094,9.540298461914062,-237.19256028284184,-415.71142453920277,-0.0016352683692782244,-1.1689209109967613,0.001618115311668139,618.0029277203274,-0.29545422949281974,18.000032424926758,-13.90003490447998,4.099997520446777,-27.949859619140625,11.19288158416748,0,straight,64.2668076837362,231.36050766145033
41.653295458188055,-234.68190002441406,-421.52415466308594,9.528091430664062,-234.68504311570362,-421.5255331749132,-0.0034321010638497743,-1.157475790690787,0.0018079801512813909,553.1034172533688,-0.30577601195517223,18.000032424926758,-13.950035095214844,4.049997329711914,-27.949859619140625,10.985737800598145,0,straight,63.096738014801794,227.14825685328645
48.017486916790666,-232.0908203125,-427.3369445800781,9.50140380859375,-232.09702991188064,-427.3397536645191,-0.0068154295436732275,-1.1459668429847487,0.0014538966497394945,687.8067984950494,-0.49162826908765167,18.05003261566162,-14.000035285949707,4.049997329711914,-27.949859619140625,10.778594017028809,0,straight,61.898392487257055,222.8342129541254
54.338468194590845,-229.46347045898438,-433.0859069824219,9.465789794921875,-229.47513181139522,-433.09128046538166,-0.0128398387516718,-1.1390023290036402,0.000811635307786121,1232.0804558486705,-0.5938177061841521,17.950032711029053,-14.000035285949707,3.9499974250793457,-27.949859619140625,10.571451187133789,0,straight,60.68476439759379,218.46515183133764
60.53625782530039,-226.85911560058594,-438.70982360839844,9.427139282226562,-226.87996835906986,-438.71951515252573,-0.022994859511633714,-1.1357353692425676,0.0002881828610092202,3470.018988977994,-0.6133092633306747,17.950032949447632,-14.05003547668457,3.8999974727630615,-27.949859619140625,10.364307403564453,0,straight,59.47074659994334,214.09468775979602
66.60470381420923,-224.29922485351562,-444.2117919921875,9.390533447265625,-224.33478381573119,-444.2283326363139,-0.03921776003247227,-1.1354062458850542,-8.678491656928522e-05,11522.739659508048,-0.5573517787761939,17.95003366470337,-14.20003604888916,3.749997615814209,-27.949859619140625,10.157163619995117,0,straight,58.25755744191095,209.72720679087942
72.54170940901633,-221.79861450195312,-449.5964050292969,9.360107421875,-221.85650768851744,-449.62324077849695,-0.0638104888376502,-1.1367405913558524,-0.0001742840418761521,5737.759976387337,-0.5177489037816785,18.00003457069397,-14.400036811828613,3.5999977588653564,-27.949859619140625,9.950019836425781,0,straight,57.045682333533335,205.36445640072
78.34583919491473,-219.36045837402344,-454.86351013183594,9.329757690429688,-219.45052288946894,-454.90517922316394,-0.09923673772617173,-1.137465799898697,6.584744611157212e-05,15186.617842483927,-0.5402906313566547,17.950035333633423,-14.550037384033203,3.3999979496002197,-27.949859619140625,9.742876052856445,0,straight,55.835509368346266,201.00783372604656
84.01638792488652,-216.9766082763672,-460.008544921875,9.29815673828125,-217.11066829340345,-460.0708018555394,-0.14781073694780159,-1.1360353995569972,0.0006176322403728535,1619.0864638094638,-0.5366184698060605,17.750035762786865,-14.600037574768066,3.149998188018799,-27.949859619140625,9.53573226928711,0,straight,54.62730359752362,196.65829295108503
89.55330818642506,-214.63299560546875,-465.0249328613281,9.269561767578125,-214.82418521591086,-465.1149776738195,-0.21133275987789765,-1.1306402058595377,0.0013939861842685308,717.3672244999559,-0.4557344251886586,17.500035762786865,-14.550037384033203,2.949998378753662,-27.949859619140625,9.328588485717773,0,straight,53.42120893930852,192.31635218151067
94.95651433578914,-212.3087615966797,-469.90264892578125,9.248138427734375,-212.57056995475156,-470.0290846391656,-0.2907397564408773,-1.1208958678865166,0.0021834570580565454,457.98931392316064,-0.3026287641857639,17.250035762786865,-14.50003719329834,2.7499985694885254,-27.949859619140625,9.121445655822754,0,straight,52.217390979769085,187.9826075271687
100.22636501376925,-209.98663330078125,-474.63328552246094,9.237014770507812,-210.3318106120187,-474.80575017725494,-0.3858645271935767,-1.1074361495299656,0.0029883690619616488,334.63068960551084,-0.22692284734842083,17.150035619735718,-14.450037002563477,2.699998617172241,-27.949859619140625,8.914301872253418,0,straight,51.01592815945974,183.65734137405508
105.3637018842195,-207.65231323242188,-479.2096405029297,9.224563598632812,-208.09149191325352,-479.43877723357247,-0.4953600256648453,-1.0899089972013711,0.0038585636749166458,259.1637936418407,-0.29249934847901393,17.150035619735718,-14.450037002563477,2.699998617172241,-27.949859619140625,8.707158088684082,0,straight,49.81679205731452,179.34045140633228
110.3701694564863,-205.28981018066406,-483.62359619140625,9.207473754882812,-205.83039267580833,-483.92059417369586,-0.6167959431939147,-1.0684111008693988,0.004589442421526216,217.89139249457034,-0.3285165671736534,17.215703010559082,-14.365704536437988,2.8499984741210938,-27.949859619140625,8.500014305114746,0,straight,48.61975679041954,175.03112444551033
115.24703044737488,-202.8920135498047,-487.87025451660156,9.192062377929688,-203.53786860026295,-488.2453571999278,-0.7468806927756128,-1.0446256147474853,0.005150135045631374,194.16966567668058,-0.3027291951387734,17.331369400024414,-14.281371116638184,3.0499982833862305,-27.04987335205078,8.800015449523926,0,straight,47.424668107983976,170.7288051887423
119.99639019637269,-200.4541015625,-491.9461364746094,9.178298950195312,-201.20492428138843,-492.4084275185758,-0.8817299839126435,-1.018903450309996,0.0054163138696068786,184.62740972442592,-0.2760468712319275,17.497036695480347,-14.197038650512695,3.2999980449676514,-25.849891662597656,9.150016784667969,0,straight,46.23114106394531,166.4321078302031
124.62060766944344,-197.9804229736328,-495.8530731201172,9.166152954101562,-198.83289716434265,-496.4078675059068,-1.0171081831988418,-0.9938554750891846,0.005261710921894411,190.05225008445788,-0.2319422004477545,17.247533559799194,-13.54753589630127,3.699997663497925,-24.299915313720703,9.600018501281738,0,straight,45.038683446532,162.1392604075152
129.12178887808665,-195.4809112548828,-499.5964660644531,9.157058715820312,-196.42893300629686,-500.24496709393503,-1.1486073421292728,-0.9708506104577819,0.004845475321018172,206.3781019918334,-0.1933999115099283,17.14803123474121,-12.898033142089844,4.249998092651367,-22.44994354248047,10.150020599365234,0,straight,43.84681728150331,157.84854221341192
133.50167418773484,-192.97152709960938,-503.18621826171875,9.148956298828125,-194.00657434709083,-503.9252061790139,-1.2717806204008553,-0.9507589760005942,0.004423498275052479,226.0654210356025,-0.17706615224286626,17.14853000640869,-12.248529434204102,4.90000057220459,-20.449974060058594,12.048394203186035,0,straight,42.655112006242234,153.55840322247204
137.76338723617252,-190.46270751953125,-506.63121032714844,9.141738891601562,-191.57290785808203,-507.4547183379239,-1.382284426422282,-0.9325863350079809,0.0038730797406578144,258.1924636104077,-0.16034785794243334,17.045008659362793,-11.445005416870117,5.600003242492676,-18.400005340576172,16.309101104736328,0,straight,41.46269494890031,149.26570181604112
141.91070326485337,-187.9674072265625,-509.94386291503906,9.135452270507812,-189.14008439960116,-510.8403332952047,-1.4760863439109007,-0.918101859145361,0.0034226844057515526,292.16833381411925,-0.14352896152804995,16.74601173400879,-10.446005821228027,6.300005912780762,-15.712532043457031,20.455413818359375,0,straight,40.26839962386352,144.96623864590867
145.94780445065132,-185.4938201904297,-513.1343994140625,9.129974365234375,-186.71217397387073,-514.0922068049522,-1.5497680276957524,-0.9045584742255818,0.003499522021437579,285.75330970176526,-0.1251501739612415,16.49701499938965,-9.447006225585938,7.050008773803711,-14.448025703430176,24.491512298583984,0,straight,39.07079415934975,140.65485897365912
149.87913364299402,-183.04251098632812,-516.2079010009766,9.125457763671875,-184.28674962734394,-517.2152009428272,-1.6008694414752251,-0.8902463901673011,0.0038431724354612146,260.2016997137395,-0.09483555299512059,16.29801845550537,-8.448006629943848,7.850011825561523,-13.18351936340332,28.421838760375977,0,straight,37.86818387016294,136.3254619325866
153.70895469225394,-180.60980224609375,-519.1658477783203,9.122573852539062,-181.8592885188051,-520.2098128196773,-1.628213423746852,-0.8747716460712679,0.004031381624854821,248.05391626400842,-0.06698404442431194,16.1490216255188,-7.4490065574646,8.7000150680542,-11.919013023376465,32.25065994262695,1,left,36.65870748678858,131.9713469524389
157.4407550568336,-178.1954345703125,-522.0113983154297,9.120376586914062,-179.43205422530124,-523.0765368969231,-1.6320993746982182,-0.8597608260473478,0.004288817654942351,233.164494379382,-0.03501048371410409,16.100025177001953,-6.450006484985352,9.650018692016602,-10.65450668334961,35.98146057128906,1,left,35.440504094795216,127.58581474126278
161.07794563918088,-175.7994842529297,-524.7479248046875,9.119949340820312,-177.0050220202163,-525.8215373478504,-1.6143002202784191,-0.8432171586948294,0.004732896022100572,211.2871263874029,-0.005363089008536548,16.14902114868164,-5.500002861022949,10.649018287658691,-9.390000343322754,39.617652893066406,1,left,34.21146822974271,123.16128562707375
164.6240692620836,-173.41896057128906,-527.3762512207031,9.119979858398438,-174.57882466494283,-528.4459947028588,-1.5778579889716693,-0.8257961157956408,0.0058779355320426885,170.12775906585725,-2.175669060466845e-05,16.348017692565918,-4.699999809265137,11.648017883300781,-8.960000038146973,43.162776947021484,1,left,32.96912396001752,118.68884625606307
168.0827534091901,-171.04568481445312,-529.8922119140625,9.119949340820312,-172.14324997588403,-530.9534795635587,-1.526741074136029,-0.8022100684116532,0.007495534859224523,133.41276090115582,-0.02555046254490989,15.941994667053223,-4.2999982833862305,11.641996383666992,-8.530000686645508,46.620460510253906,1,left,31.710561063344,114.15801982803839
171.46281735147724,-168.6635284423828,-532.2901611328125,9.118270874023438,-169.68856398500944,-533.3374899803703,-1.4654676996012215,-0.7746411531182777,0.009836037069891446,101.66696128678136,-0.2689645150137032,14.792994499206543,-4.149997711181641,10.642996788024902,-8.100000381469727,49.9995231628418,1,left,30.430357099596385,109.54928555854698
174.7786753559203,-166.25286865234375,-534.5668640136719,9.102218627929688,-167.19250536383316,-535.6030693037977,-1.3987989679948778,-0.7365623777149742,0.012516126616031076,79.89692264052094,0.802177379305058,13.793994903564453,-4.149997711181641,9.643997192382812,-8.645000457763672,49.9995231628418,1,left,29.11983399421611,104.83140237917799
178.04707378586858,-163.78392028808594,-536.7074584960938,9.169876098632812,-164.63388508624737,-537.7324272817788,-1.3315409005142593,-0.6923290486735613,0.014548875906745612,68.73383252491337,-0.07353895002717437,13.144996643066406,-4.499999046325684,8.644997596740723,-9.190000534057617,49.9995231628418,1,left,27.767604094328682,99.96337473958326
181.26219503880853,-161.26234436035156,-538.7008819580078,9.099716186523438,-162.02223827389648,-539.7165248251464,-1.2684514943079441,-0.6423417504865264,0.019324046716981444,51.7489951585155,-0.7475186613243867,12.996000289916992,-5.350002288818359,7.645998001098633,-9.735000610351562,49.9995231628418,1,left,26.369847779898816,94.93145200763574
184.42359091721926,-158.66635131835938,-540.5049896240234,9.120681762695312,-159.32106176957657,-541.5275284118799,-1.2141792897278194,-0.5695113294215637,0.022109728917115143,45.228957973605,1.1384380500562008,12.996000289916992,-6.349002361297607,6.646997928619385,-10.280000686645508,46.839195251464844,1,left,24.919116858279605,89.70882068980657
187.5400274914301,-155.9866943359375,-542.0953063964844,9.170761108398438,-156.55268856317105,-543.1228908121058,-1.1731492643690473,-0.5034577527656788,0.021159562689339398,47.259955920725126,1.064850783826965,12.996000289916992,-7.3480024337768555,5.647997856140137,-10.89666748046875,43.724159240722656,1,left,25.472467203275983,91.70088193179355
190.6167589583388,-153.24574279785156,-543.4928741455078,9.187057495117188,-153.73369480515504,-544.533493901363,-1.149341828050995,-0.4384637880410417,0.022157369388189248,45.13171137242671,-0.9498289362259937,12.995999813079834,-8.347002029418945,4.648997783660889,-11.513334274291992,40.64847183227539,1,left,24.8923131962976,89.61232750667136
193.67180344814972,-150.4362030029297,-544.6905059814453,9.1131591796875,-150.84807999121517,-545.7599031885586,-1.1459725302383783,-0.3676383759363483,0.02232373538060746,44.795370620129106,-3.252972258093867,12.865001678466797,-9.215003967285156,3.6499977111816406,-12.130001068115234,37.59532165527344,1,left,24.799385674017103,89.27778842646157
196.7333871860198,-147.5461883544922,-545.6932220458984,8.98797607421875,-147.8926588154849,-546.8056612150036,-1.1651449202995614,-0.3019290493338715,0.019321643931709973,51.75543051794039,-3.8890812060158764,12.670001745223999,-9.970003128051758,2.699998617172241,-12.746667861938477,34.537296295166016,1,left,26.2119599076415,94.3630556675094
199.822352476873,-144.5743408203125,-546.5279998779297,8.874069213867188,-144.87183548572338,-547.6983674884018,-1.2075857814624205,-0.2489174233580449,0.013353088460705001,74.88904180802552,-2.400657327224409,13.025001287460327,-10.72500228881836,2.2999989986419678,-13.363334655761719,31.451431274414062,1,left,27.56390040844573,99.23004147040463
202.93393816566888,-141.54615783691406,-547.2427673339844,8.839706420898438,-141.82300598998546,-548.4848500014808,-1.2725620820824637,-0.2193054751416431,0.005483614686922343,182.3614635770928,-0.5850259649520906,14.100023031234741,-11.200024604797363,2.899998426437378,-13.980001449584961,28.341033935546875,1,left,28.861787228700635,103.90243402332229
206.0786901741206,-138.47412109375,-547.9151153564453,8.837814331054688,-138.76369189322634,-549.2419095052236,-1.358025758644352,-0.2148790273411737,-0.0007140587991930278,1400.4448949163852,-0.0694790978330806,14.066018342971802,-10.866020202636719,3.199998140335083,-13.422000885009766,25.197282791137695,1,left,30.116731554330833,108.420233595591
209.25138353167566,-135.3769073486328,-548.6030426025391,8.835311889648438,-135.70134086555737,-550.0275243423013,-1.460960414871032,-0.22393559146056013,-0.003918642886256658,255.19038836306535,-0.08260295479651791,14.132012605667114,-10.532014846801758,3.5999977588653564,-12.864001274108887,22.025588989257812,1,left,31.331931052383418,112.7949517885803
212.43245539194365,-132.2806396484375,-549.3326568603516,8.832565307617188,-132.65538222003426,-550.8653497181064,-1.5778401031725802,-0.23979501901971767,-0.005082015323373046,196.77233073281604,-0.08574295933825304,14.150017738342285,-10.100020408630371,4.049997329711914,-12.306000709533691,18.845518112182617,1,left,32.50476093638748,117.01713937099493
215.6224647828208,-129.18853759765625,-550.1169128417969,8.829849243164062,-129.6208077282767,-551.7662959774483,-1.7050871514376615,-0.25631525055570265,-0.0041834490276641476,239.0372138843426,-0.15314241892079306,14.100017547607422,-9.650018692016602,4.44999885559082,-11.748001098632812,15.656510353088379,1,left,33.63984864643434,121.10345512716361
218.8213316903985,-126.09892272949219,-550.9457550048828,8.822769165039062,-126.583360658985,-552.7202597352392,-1.839442074540145,-0.2665049012543833,-0.0014227575550091465,702.8604392078391,-0.22381318576369935,14.150017738342285,-9.250017166137695,4.90000057220459,-11.190000534057617,12.458651542663574,1,left,34.74086672115539,125.06712019615941
222.02414606804638,-123.00975036621094,-551.7913208007812,8.815521240234375,-123.528634711955,-553.7002322156454,-1.9781768763325873,-0.26540936647539676,0.002908605060096721,343.80741948057624,-0.22584570267878412,14.150017738342285,-8.850015640258789,5.300002098083496,-11.100000381469727,9.256845474243164,1,left,33.96057565936556,122.25807237371602
225.19915776803086,-119.93989562988281,-552.6016540527344,8.808364868164062,-120.46027806375861,-554.6559422021359,-2.1191738197367984,-0.24809641861936338,0.007185227274974615,139.17444246793613,-0.21425769500875713,14.150017738342285,-8.450014114379883,5.700003623962402,-11.010000228881836,7.200009346008301,2,left,32.841951080061094,118.23102388821994
228.3293437986804,-116.89553833007812,-553.3296051025391,8.802001953125,-117.38950026280804,-555.5358589600913,-2.2608747145630534,-0.22025929896335758,0.010319854694900907,96.90058916179363,-0.13129250203522957,14.050017356872559,-8.050012588500977,6.000004768371582,-10.920000076293945,7.400010108947754,2,left,31.700501849895044,114.12180665962217
231.41593622432293,-113.87234497070312,-553.9519805908203,8.800140380859375,-114.31200268632874,-556.3135617003983,-2.402158247082173,-0.18406369510591072,0.013340789239813675,74.95808396520074,-0.01610750358307378,14.000017166137695,-7.95001220703125,6.050004959106445,-10.830000877380371,7.5000104904174805,2,left,30.533193440401444,109.9194963854452
234.46350971287418,-110.8646240234375,-554.4432220458984,8.800979614257812,-111.21571651896407,-556.9610385039005,-2.5421773456233754,-0.13854984675638682,0.01591248211818217,62.843746976303855,0.0565973847076906,14.000017166137695,-8.000012397766113,6.000004768371582,-10.74000072479248,7.600010871887207,2,left,29.335104123649725,105.60637484513902
237.46998640037216,-107.87748718261719,-554.7836761474609,8.803543090820312,-108.11252726930937,-557.453525811443,-2.680175567125631,-0.0878085755126993,0.017383537951537208,57.52568911966342,0.10154702267342053,14.050017356872559,-8.150012969970703,5.9000043869018555,-10.65000057220459,7.600010871887207,2,left,28.103167417347926,101.17140270245254
240.42902729329424,-104.92404174804688,-554.9655303955078,8.807022094726562,-105.02226322863235,-557.7791042948766,-2.815287826574302,-0.03489569226025143,0.018641151994491217,53.6447533014868,0.12645934818753535,14.050017356872559,-8.350013732910156,5.700003623962402,-10.905000686645508,7.550010681152344,2,left,27.138633862993835,97.6990819067778
243.34073993250195,-102.01240539550781,-554.9862365722656,8.810958862304688,-101.94889418153554,-557.9318798295168,-2.946327862490752,0.021557727627058088,0.020495228265019805,48.79184496357858,0.1391735925515114,14.050017356872559,-8.55001449584961,5.500002861022949,-11.160000801086426,7.450010299682617,2,left,25.882008518986872,93.17523066835274
246.2094148118122,-99.14762878417969,-554.8367919921875,8.8150634765625,-98.89151105444107,-557.8976710799071,-3.07157566749149,0.08348010180439837,0.022447233903713136,44.548918779457445,0.14871368701681043,14.100017547607422,-8.800015449523926,5.300002098083496,-11.415000915527344,7.250009536743164,2,left,24.73107187503188,89.03185875011476
249.03831582886852,-96.33773803710938,-554.5094146728516,8.819427490234375,-95.86318042266237,-557.6625018654147,-3.1885990298773828,0.14938448901568754,0.02492586832424586,40.11896343957178,0.14984574125200822,14.050017356872559,-9.000016212463379,5.05000114440918,-11.670001029968262,7.050008773803711,2,left,23.469249795009365,84.48929926203371
251.8281406624233,-93.5958251953125,-553.9946136474609,8.823486328125,-92.86599841592152,-557.2069114776532,-3.2941621814619633,0.2234052875409026,0.028222677311818475,35.43249950922416,0.13295685393519552,14.050017356872559,-9.200016975402832,4.850000381469727,-11.92500114440918,6.850008010864258,2,left,22.055923690405404,79.40132528545945
254.58716723108608,-90.93240356445312,-553.2746124267578,8.826812744140625,-89.91326736316647,-556.5018150184885,-3.3842983268096605,0.30588439216507635,0.03130474044903266,31.94404379835389,0.10833479933380907,14.050017356872559,-9.400017738342285,4.649999618530273,-12.180001258850098,6.750007629394531,2,left,20.94205529457837,75.39139906048213
257.33215317806497,-88.35418701171875,-552.3324127197266,8.829452514648438,-87.02271265911158,-555.5200799485158,-3.4545689040961003,0.39566746398623287,0.03353546277739518,29.81917997189701,0.052039012604931933,13.878764152526855,-9.378765106201172,4.499999046325684,-12.088750839233398,6.700007438659668,2,left,20.233555440899785,72.84079958723923
260.0868540200895,-85.86526489257812,-551.1518859863281,8.829666137695312,-84.21679184664846,-554.2399632854709,-3.5005263587977113,0.49033503913649457,0.03455957498478392,28.935541031401154,0.010153025405834626,13.807512283325195,-9.357513427734375,4.44999885559082,-11.997501373291016,6.750007629394531,2,left,19.931508042238704,71.75342895205934
262.8762970333089,-83.47126770019531,-549.7201843261719,8.83001708984375,-81.52176693585488,-552.6489916779618,-3.5183043833731156,0.5872842665578124,0.034525086947412104,28.964445521112786,0.0060704059708927005,13.736260414123535,-9.336261749267578,4.399998664855957,-11.906250953674316,6.900008201599121,2,left,19.941460616952533,71.78925822102912
265.7078351331189,-81.19352722167969,-548.0380706787109,8.830001831054688,-78.97756009587779,-550.7539431405878,-3.5052066318287247,0.6843803333821153,0.03406050475832052,29.35951792539755,-0.010031297888346558,13.715007781982422,-9.315009117126465,4.399998664855957,-11.815000534057617,7.050008773803711,2,left,20.076999851779146,72.27719946640492
268.57969371717127,-79.05966186523438,-546.1160430908203,8.829437255859375,-76.62246437692825,-548.5721878945108,-3.460141455735739,0.7815261226606489,0.03342318011722922,29.919355264597122,-0.044273030883723585,13.743755340576172,-9.293756484985352,4.44999885559082,-11.723751068115234,7.200009346008301,2,left,20.267513498892406,72.96304859601267
271.489725852653,-77.09539794921875,-543.9689636230469,8.827423095703125,-74.4925718115822,-546.1312002488701,-3.3837805970268384,0.8775984882192778,0.03240445682525481,30.85995254889253,-0.10284976157148851,13.872504234313965,-9.272504806518555,4.59999942779541,-11.632500648498535,7.350009918212891,2,left,20.58363075672112,74.10107072419603
274.4596682943107,-75.308837890625,-541.5964660644531,8.823348999023438,-72.60085233778432,-543.4443583667205,-3.2783977359638654,0.9719896938415293,0.03095460066530159,32.305375566383745,-0.15960927074669673,14.050017356872559,-9.200016975402832,4.850000381469727,-11.541251182556152,7.600010871887207,2,left,21.06016419255339,75.8165910931922
277.50906926388114,-73.70887756347656,-539.0005187988281,8.817779541015625,-70.95737817796912,-540.5287919684318,-3.1474382836488526,1.0637915861486515,0.02948722357193942,33.912992776695944,-0.19303872253741972,14.100017547607422,-8.950016021728516,5.150001525878906,-11.450000762939453,7.900012016296387,2,left,21.577812466953628,77.68012488103307
280.6400081255927,-72.31472778320312,-536.1971130371094,8.8114013671875,-69.57601824376357,-537.409215358726,-2.9949494118408135,1.1541286824724353,0.028267431219488715,35.376401634633126,-0.20750675359153536,14.100017547607422,-8.600014686584473,5.500002861022949,-11.390000343322754,8.25001335144043,2,left,22.038456949759095,79.33844501913275
283.8520455793343,-71.14833068847656,-533.204345703125,8.804611206054688,-68.47373601122914,-534.1138952815537,-2.825019844740928,1.2429950190370886,0.026727595879191768,37.414513618059075,-0.18581829285826412,14.100017547607422,-8.25001335144043,5.850004196166992,-11.330000877380371,8.600014686584473,2,left,22.664409455389624,81.59187403940265
287.14023023353167,-70.22438049316406,-530.0486450195312,8.799362182617188,-67.66068178462419,-530.6843922734298,-2.641349208076919,1.3277192832398623,0.024801948260121942,40.31941319738417,-0.1310954598857661,14.000017166137695,-7.900012016296387,6.100005149841309,-11.270000457763672,8.850015640258789,2,left,23.52780743726407,84.70010677415065
290.5115390736712,-69.54646301269531,-526.7462005615234,8.795928955078125,-67.13179354042302,-527.1428071208344,-2.4470237888529387,1.408001088282182,0.022910446644602872,43.648210596347106,-0.08295637260382627,14.000017166137695,-7.700011253356934,6.300005912780762,-11.210000991821289,9.000016212463379,2,left,24.479783786270133,88.12722163057248
293.9657019142917,-69.1195068359375,-523.3185272216797,8.793731689453125,-66.88347708481149,-523.5132248970293,-2.244490194388732,1.4839424487009096,0.020296001194062746,49.27078937562012,-0.05238696917200247,13.950016975402832,-7.550010681152344,6.400006294250488,-11.15000057220459,9.100016593933105,2,left,26.008728175029916,93.6314214301077
297.5136423917636,-68.93319702148438,-519.7754821777344,8.792282104492188,-66.89796185148907,-519.8182318810193,-2.035684094921595,1.5497946172624322,0.016964334475770754,58.947198985509644,-0.017215686908267358,14.000017166137695,-7.5000104904174805,6.500006675720215,-11.090001106262207,9.150016784667969,2,left,27.567338036937024,99.24241693297328
301.21182600092243,-68.96162414550781,-516.0774078369141,8.792556762695312,-67.14052465050183,-516.0125821872787,-1.8222529285369988,1.6063782867262535,0.015293888550540646,65.38559482079197,0.03239736360909351,14.000017166137695,-7.5000104904174805,6.500006675720215,-11.030000686645508,9.150016784667969,2,left,29.103237413397377,104.77165468823056
305.0012594061908,-69.20819091796875,-512.2960052490234,8.794754028320312,-67.60938953694259,-512.1460610285519,-1.6058172764122274,1.6643081953433743,0.014428361827263952,69.30793751723024,0.04461451091681834,14.050017356872559,-7.65001106262207,6.400006294250488,-10.919050216674805,9.050016403198242,2,left,30.597162956549305,110.1497866435775
308.8254863616837,-69.66627502441406,-508.4993133544922,8.795944213867188,-68.29268939826572,-508.29821025096516,-1.3882290627304732,1.7161708932967399,0.012586495811226811,79.45023102522525,-0.006474229235964302,13.830766677856445,-7.700011253356934,6.130755424499512,-10.808099746704102,8.900015830993652,2,left,32.03425094559004,115.32330340412415
312.6785360504561,-70.31219482421875,-504.70079040527344,8.794235229492188,-69.16150829578278,-504.47938858752985,-1.1717927511399768,1.7608817825737537,0.010655855284699839,93.84511832061435,-0.05324111662030617,13.461515426635742,-7.600010871887207,5.861504554748535,-10.697149276733398,8.7000150680542,2,left,33.41973155185415,120.31103358667494
316.55558961242565,-71.11857604980469,-500.9085235595703,8.791824340820312,-70.18392668735781,-500.6919481748853,-0.9594135333493112,1.7984960935371659,0.008925293271419249,112.04113630666006,-0.053623452731388355,13.550015449523926,-7.5000104904174805,6.050004959106445,-10.586199760437012,8.472929000854492,2,left,34.758144866352815,125.12932151887014
320.4535703630177,-72.06034851074219,-497.1260223388672,8.790069580078125,-71.33097470753533,-496.9324247612472,-0.7546298210810192,1.8302436570347234,0.007764124965038505,128.79751478794503,-0.019648183469578306,13.550015449523926,-7.400010108947754,6.150005340576172,-10.475249290466309,8.245843887329102,2,left,36.053728705600946,129.7934233401634
324.37040864818255,-73.120361328125,-493.3553466796875,8.790298461914062,-72.58205532717825,-493.19566989459486,-0.5614891150795379,1.859156940083711,0.007240560748328934,138.11085007895176,0.020525392741888027,13.550015449523926,-7.400010108947754,6.150005340576172,-10.364298820495605,8.018758773803711,2,left,37.31029218303151,134.31705185891343
328.3063394670452,-74.29241943359375,-489.5979766845703,8.79168701171875,-73.92723202479952,-489.47845504480165,-0.38424896345315745,1.8870967027304661,0.0071702973729782515,139.46422972198718,-0.24541245243141496,13.550015449523926,-7.600010871887207,5.950004577636719,-10.828587532043457,7.791672706604004,2,left,38.53172476153514,138.7142091415265
332.2629249375993,-75.57687377929688,-485.8557434082031,8.77081298828125,-75.36332636284872,-485.77901111584737,-0.22691483812620925,1.9157515967124994,0.007217031474781199,138.56112495758754,-0.8457690919790206,13.500015258789062,-7.900012016296387,5.600003242492676,-11.292876243591309,7.564587116241455,2,left,39.72173020489217,142.9982287376118
336.2440437389872,-76.97703552246094,-482.12925720214844,8.724395751953125,-76.8907120400821,-482.0954189015343,-0.09271879096744726,1.9443821191815736,0.006696967913998736,149.321306722956,-1.4047998721677946,13.30001449584961,-8.150012969970703,5.150001525878906,-11.757165908813477,7.337501525878906,2,left,40.88416934872173,147.18300965539822
340.25315717382915,-78.48851013183594,-478.41656494140625,8.658432006835938,-78.50359180070959,-478.4229136150615,0.016363446861677927,1.969234135457093,0.004662785625484972,214.4640736932852,-1.7991364872535387,13.15001392364502,-8.450014114379883,4.699999809265137,-12.221454620361328,7.233334541320801,2,left,42.022299279940164,151.28027740778458
344.2918436673748,-80.08442687988281,-474.70741271972656,8.579513549804688,-80.17602771411505,-474.74733640750054,0.09992303877242706,1.9818160958485846,0.0006570355343807899,1521.9876972748973,-2.013375048162236,12.950013160705566,-8.7000150680542,4.249998092651367,-12.68574333190918,7.129167079925537,2,left,42.21256647733094,151.96523931839138
348.3591695889114,-81.70101928710938,-470.9761047363281,8.495193481445312,-81.84739054132335,-471.0386154713227,0.15916072395456077,1.9744187644097373,-0.0035928547777828446,278.3302030974659,-2.086453421961809,12.94168472290039,-9.091687202453613,3.8499975204467773,-13.150032043457031,7.025000095367432,2,left,41.063028972627365,147.8269043014585
352.45527317268375,-83.27140808105469,-467.1939697265625,8.4091796875,-83.45392586763268,-467.2672057897733,0.19666281644466774,1.9523836070735547,-0.006529268964453244,153.15650273318755,-1.9835128021524095,12.883357286453247,-9.483359336853027,3.3999979496002197,-13.6000337600708,6.920833110809326,3,right,39.87187753672144,143.53875913219719
356.57912864595545,-84.74822998046875,-463.3443908691406,8.33221435546875,-84.9511170511092,-463.418424700294,0.21597261768173368,1.9206844104280296,-0.00850727686848543,117.5464270716785,-1.6420277463226496,12.875029802322388,-9.875031471252441,2.9999983310699463,-14.000035285949707,6.8166656494140625,3,right,38.635575844532305,139.0880730403163
360.69976128235504,-86.08775329589844,-459.447998046875,8.273788452148438,-86.29820106453512,-459.5157479001528,0.22108438647566392,1.8822507506322144,-0.009836689310387337,101.66022006449072,-1.0939479783049544,12.783360481262207,-10.13336181640625,2.649998664855957,-14.400036811828613,6.614582061767578,3,right,37.35939876301026,134.49383554683695
364.7951646784819,-87.26016235351562,-455.5241241455078,8.242172241210938,-87.46838391621093,-455.5815483612015,0.21599481410280746,1.839891449691248,-0.010349491052531329,96.62310880064148,-0.42329456379848196,12.74169111251831,-10.391692161560059,2.349998950958252,-14.700037956237793,6.412498950958252,3,right,36.4220896419705,131.11952271109382
368.8637030925668,-88.2587890625,-451.5800476074219,8.239044189453125,-88.45795837472485,-451.62604400855935,0.20441155507876502,1.7977584484255464,-0.010452916428570602,95.66708074568872,-0.047593622465758045,12.90002155303955,-10.650022506713867,2.2499990463256836,-14.80003833770752,6.569998741149902,3,right,36.24145428032092,130.46923540915532
372.904403179951,-89.08393859863281,-447.62449645996094,8.238296508789062,-89.27038168005204,-447.6592591392348,0.18965617964988804,1.7551316455301902,-0.0105032772152584,95.20837920447082,-0.03370351759304224,12.900021076202393,-10.55002212524414,2.349998950958252,-14.700037956237793,6.727498531341553,3,right,36.154465183373034,130.15607466014293
376.9092879508722,-89.73497009277344,-443.6728820800781,8.236343383789062,-89.90793386075592,-443.697689464429,0.1747337155589278,1.7132501539366856,-0.010399066244256683,96.16248002577073,-0.05598923957534918,12.900019884109497,-10.300021171569824,2.599998712539673,-14.450037002563477,6.884998321533203,3,right,36.335168895198684,130.80660802271527
380.8728932459427,-90.21696472167969,-439.7386932373047,8.233840942382812,-90.3786229854412,-439.755152522026,0.1624940069538598,1.6722619817099817,-0.010268999007875118,97.38047488690157,-0.07281145626116814,12.950018167495728,-9.950019836425781,2.9999983310699463,-14.150035858154297,7.0424981117248535,3,right,36.56455561974583,131.632400231085
384.7989052180014,-90.53564453125,-435.8256378173828,8.230606079101562,-90.69114067230949,-435.83520197229115,0.15578999628827836,1.6322262842039126,-0.009962985887737696,100.37151625706767,-0.14627544695242634,12.950016021728516,-9.500018119812012,3.449997901916504,-13.700034141540527,7.199997901916504,3,right,37.12184884759003,133.6386558513241
388.6874200668878,-90.70014953613281,-431.94061279296875,8.222457885742188,-90.85765246417965,-431.94432931169985,0.15754677037249662,1.594388454431652,-0.009263907091839274,107.94581487987031,-0.2687145761782306,13.050013542175293,-9.000016212463379,4.049997329711914,-13.200032234191895,7.729167461395264,3,right,38.334730882140256,138.00503117570491
392.54209599546823,-90.7236328125,-428.0860290527344,8.2098388671875,-90.89431250000356,-428.08426523825915,0.17068880094434444,1.5604626326250668,-0.008091775497620801,123.58227193698426,-0.35470096511660554,13.100013732910156,-8.40001392364502,4.699999809265137,-12.650030136108398,8.258337020874023,3,right,39.50031759713015,142.20114334966854
396.36286424251364,-90.62886047363281,-424.26646423339844,8.19525146484375,-90.8266357658637,-424.25883349484593,0.19792244538674755,1.5322325841960314,-0.006672818807297171,149.86170445785723,0.2641855946591276,13.15001392364502,-7.700011253356934,5.450002670288086,-11.950027465820312,8.787507057189941,3,right,40.622660411473305,146.2415774813039
400.15507826961783,-90.43698120117188,-420.47926330566406,8.229583740234375,-90.67795325989388,-420.46450355152353,0.2414236596255815,1.5096218581143221,-0.004499432882382248,222.25023156041496,1.658656885606291,12.963346481323242,-6.81334114074707,6.150005340576172,-11.200024604797363,9.316676139831543,3,right,41.70676128110697,150.1443406119851
403.9388974959426,-90.18031311035156,-416.70526123046875,8.320785522460938,-90.48203027229839,-416.683294906706,0.3025157271827334,1.4981201954806214,-0.0019778442793436657,505.6009770050468,2.2931519610466244,12.726678371429443,-5.926670551300049,6.8000078201293945,-10.450021743774414,9.845846176147461,3,right,42.76107756496853,153.93987923388673
407.71904807775843,-89.89753723144531,-412.9365997314453,8.403045654296875,-90.27787756002888,-412.9075835285684,0.38144554732811914,1.494653716359394,0.00012875755036997893,7766.534833309159,1.3377744259001956,12.490010738372803,-5.0400004386901855,7.450010299682617,-9.800019264221191,10.375015258789062,3,right,43.789030902782585,157.6405112500173
411.5005317245342,-89.61611938476562,-409.1656494140625,8.421920776367188,-90.09221803407942,-409.1314546549591,0.47732505216943544,1.4990966016549627,0.0021394346882946114,467.41319352782915,-1.1558346740634606,12.473346710205078,-4.373333930969238,8.10001277923584,-9.100016593933105,10.90418529510498,3,right,43.54519766761931,156.76271160342952
415.29400947491285,-89.36656188964844,-405.38189697265625,8.315093994140625,-89.9537602948005,-405.3466738219166,0.5882538885219099,1.510883025558511,0.003135562737261899,318.9220193607865,-5.248328044952277,12.506682395935059,-3.706666946411133,8.800015449523926,-8.40001392364502,11.433355331420898,3,right,42.50765930180391,153.02757348649408
419.0952284623437,-89.15953063964844,-401.5975799560547,8.02294921875,-89.8703110080614,-401.56351774770656,0.711596069521765,1.5229106920581945,0.004299482028151114,232.58615653058686,-7.870247504591599,12.540018320083618,-3.0400002002716064,9.500018119812012,-7.65001106262207,11.9625244140625,4,left,41.44195653294887,149.19104351861594
422.8843723916446,-89.01771545410156,-397.8234100341797,7.7177581787109375,-89.86171062096562,-397.8003581329725,0.8443099145687906,1.5434902799048762,0.005691677216401236,175.69513554253965,-5.531812003661485,12.690020322799683,-2.640000104904175,10.050020217895508,-6.950008392333984,12.491694450378418,4,left,40.351637157921544,145.26589376851757
426.6354305884357,-88.95614624023438,-394.0745849609375,7.6039276123046875,-89.93937003208869,-394.0696796368789,0.9832360281603264,1.5658073472752365,0.006777226985395235,147.5529744178521,-1.3523337371258437,12.59002161026001,-2.2400002479553223,10.350021362304688,-6.450006484985352,13.02086353302002,4,left,39.24244979161223,141.27281924980403
430.3311066857849,-88.98747253417969,-390.3790588378906,7.615203857421875,-90.11243869681589,-390.4050177185321,1.1252656266680274,1.5938674871159373,0.00847853788474734,117.94486426710117,1.3466062642046195,12.023355484008789,-1.8400001525878906,10.183355331420898,-6.200005531311035,13.550033569335938,4,left,38.118087318844324,137.22511434783956
433.9682364826142,-89.13145446777344,-386.7458038330078,7.7014617919921875,-90.39675092336832,-386.8181049726201,1.2673604756856645,1.627875915755641,0.010040557411371775,99.59606414554395,2.885275041498847,12.040023803710938,-2.0233335494995117,10.016690254211426,-6.100005149841309,13.450033187866211,4,left,36.97817247287997,133.1214209023679
437.55384959586166,-89.40426635742188,-383.1726531982422,7.8230743408203125,-90.80430738260898,-383.3067946250122,1.4064525568190516,1.6663172409905438,0.010663356200050794,93.77910493088814,3.4294336109692125,12.05669093132019,-2.2066667079925537,9.850024223327637,-6.200005531311035,13.250032424926758,4,left,35.88206241450862,129.17542469223102
441.120119569348,-89.81280517578125,-379.63201904296875,7.94671630859375,-91.33843860118799,-379.8366688535564,1.5392981821894893,1.7041412162650835,0.010032360696651116,99.67743687024812,3.0030784544785805,12.073358297348022,-2.390000104904175,9.683358192443848,-6.450006484985352,12.950031280517578,4,left,36.99327548078253,133.1757917308171
444.69040952258086,-90.34814453125,-376.10325622558594,8.037353515625,-91.98736957060417,-376.37977063184394,1.6623835136676233,1.7379091694109803,0.009043706180059424,110.57413632089374,2.086622326482712,12.208906173706055,-3.0900001525878906,9.118906021118164,-6.900008201599121,12.500029563903809,4,left,38.11210611242518,137.20358200473066
448.26888322741144,-90.99911499023438,-372.58497619628906,8.095809936523438,-92.73646630807652,-372.9335195975179,1.771968426397035,1.7687857449203168,0.008511243038414745,117.49165139411343,1.1982920816626441,12.34445309638977,-3.7900002002716064,8.554452896118164,-7.700011253356934,11.850027084350586,4,left,39.20147250171479,141.12530100617326
451.85932016791816,-91.7593994140625,-369.07606506347656,8.123153686523438,-93.57541189768183,-369.49768483882,1.864313432774088,1.7989227019069403,0.00807194544217521,123.88587201978439,0.7139375812453164,12.480000972747803,-4.490000247955322,7.9900007247924805,-8.500014305114746,11.00002384185791,4,left,40.26487087421229,144.95353514716425
455.4625085819023,-92.62376403808594,-365.5781707763672,8.14715576171875,-94.4967152359548,-366.06849820661256,1.9360700344898218,1.8268440767182448,0.0072014328707539765,138.8612541347347,0.6257526329629615,12.3450026512146,-5.092502117156982,7.252500534057617,-9.150016784667969,10.150020599365234,4,left,41.304531529857385,148.6963135074866
459.07889769942017,-93.58345031738281,-362.0915069580078,8.168319702148438,-95.4908471795022,-362.6402002884701,1.9847486391270435,1.8508995198651956,0.006141222649462874,162.83402460379162,0.4572317259011971,12.210004806518555,-5.695004463195801,6.515000343322754,-9.700018882751465,9.350017547607422,4,left,42.1781526833746,151.84134966014855
462.70811417522424,-94.62274169921875,-358.6143035888672,8.180252075195312,-96.54182629050115,-359.20906381007666,2.009135483045047,1.8713278323328397,0.005439087851599633,183.8543570694304,0.3047887505619462,12.07500696182251,-6.297506332397461,5.777500629425049,-10.200020790100098,8.650014877319336,4,left,41.15312223849114,148.1512400585681
466.35013684964974,-95.73426818847656,-355.14605712890625,8.190475463867188,-97.64200855830472,-355.7775152675333,2.009530467425275,1.8904435595737314,0.005355329626344774,186.72986907857995,0.2598099817636035,11.940008640289307,-6.900008201599121,5.0400004386901855,-10.650022506713867,8.050012588500977,4,left,40.098141727414536,144.35331021869234
470.00442816714155,-96.91697692871094,-351.68846130371094,8.199203491210938,-98.79117490350308,-352.35060836161335,1.9877265342606343,1.9104046206860534,0.004986358011023373,200.54717246320735,0.22035502841830645,12.130009651184082,-7.200009346008301,4.930000305175781,-11.00002384185791,7.550010681152344,4,left,39.01094353787137,140.43939673633693
473.621761561372,-98.15095520019531,-348.2881164550781,8.206512451171875,-99.97566468500504,-348.96649965904425,1.9467327693799916,1.9267374900084282,0.004296836590606645,232.7293530747968,0.18686717099354322,12.270009994506836,-7.450010299682617,4.819999694824219,-11.30002498626709,7.1500091552734375,4,left,37.90404070335662,136.45454653208384
477.1418890893231,-99.40167236328125,-344.9976806640625,8.212570190429688,-101.16383943982909,-345.6818064720029,1.8903070985316932,1.9411149998867285,0.003926695537827041,254.66705792865753,0.18157137829175607,12.360010623931885,-7.65001106262207,4.7099995613098145,-11.550025939941406,6.900008201599121,4,left,36.79492792422564,132.4617405272123
480.56485669736145,-100.66140747070312,-341.81495666503906,8.219100952148438,-102.35163843721803,-342.49640444224235,1.8224301888470837,1.954031127492386,0.0034991280108191414,285.7854862434431,0.48482860058589594,12.450011253356934,-7.850011825561523,4.59999942779541,-11.75002670288086,6.750007629394531,4,left,35.68338397973031,128.46018232702912
483.8914971301459,-101.92239379882812,-338.73667907714844,8.244735717773438,-103.53539762476011,-339.4072451337722,1.7468371929768278,1.9647848331858835,0.0030530728291551235,327.5388619788444,1.055457292710149,12.500011444091797,-7.95001220703125,4.549999237060547,-12.000027656555176,6.8000078201293945,4,left,34.56889087148264,124.4480071373375
487.1217835312737,-103.17646789550781,-335.76007080078125,8.287765502929688,-104.70944984297472,-336.41415431480067,1.6666910015271053,1.974083998401773,0.002739037580989978,365.0917413256401,1.5353567374344124,12.70001220703125,-8.050012588500977,4.649999618530273,-12.200028419494629,9.864757537841797,4,left,33.451163276618466,120.42418779582648
490.25614364209764,-104.41839599609375,-332.8827667236328,8.342071533203125,-105.87058707647424,-333.51643571080757,1.584422708510494,1.982244244099347,0.002551848106043253,391.8728538864885,1.85543629194298,13.00001335144043,-8.10001277923584,4.90000057220459,-12.400029182434082,12.99764633178711,4,left,32.32971002599683,116.3869560935886
493.29546782291754,-105.64424133300781,-330.1022644042969,8.402084350585938,-107.01602099858707,-330.7133038209149,1.5017152258526525,1.9898479680684056,0.00256955194814934,389.17290647508673,2.0325302975492177,13.400014877319336,-8.10001277923584,5.300002098083496,-12.600029945373535,16.035377502441406,4,left,31.20379364786003,112.33365713229611
496.2409687334975,-106.85282897949219,-327.4168395996094,8.463607788085938,-108.14505620742449,-328.0045059980218,1.4195784601185726,1.9976100424027892,0.0031151625090950485,321.01054024642167,2.080621567982699,13.850016593933105,-8.10001277923584,5.750003814697266,-12.700030326843262,18.979236602783203,4,left,30.072438318281694,108.2607779458141
499.09430219815533,-108.04611206054688,-324.82568359375,8.522750854492188,-109.25877657762132,-325.392187038885,1.3384623208448034,2.007825195452336,0.004776550838503646,209.3560884852365,2.003536576665965,14.450018882751465,-8.150012969970703,6.300005912780762,-12.750030517578125,21.830957412719727,5,left,28.93433261915693,104.16359742896495
501.8576895250988,-109.23455810546875,-322.33148193359375,8.576263427734375,-110.36576916216525,-322.88271315351284,1.2583697042625652,2.0242267508473306,0.006640610993360996,150.5885529207716,1.7886312062048937,15.100021362304688,-8.150012969970703,6.950008392333984,-12.750030517578125,24.59282684326172,5,left,27.787706463912425,100.03574327008474
504.5339913871657,-110.42977905273438,-319.9373016357422,8.62030029296875,-111.47927405062809,-320.47441706554235,1.1789540854220433,2.043827147676638,0.00867728564790321,115.24341142804734,1.472529202123174,15.850024223327637,-8.150012969970703,7.700011253356934,-12.650030136108398,27.26776695251465,5,left,26.63019521053175,95.86870275791429
507.12611264771357,-111.63847351074219,-317.6444854736328,8.654129028320312,-112.60403562980146,-318.1706233947544,1.0996050735624985,2.0697180537689572,0.011195101564394627,89.32478140086215,1.1143292798023507,16.700027465820312,-8.150012969970703,8.55001449584961,-12.400029182434082,29.858667373657227,5,left,25.458971594462025,91.65229774006329
509.6377174259022,-112.87464904785156,-315.4582824707031,8.677474975585938,-113.75432275814909,-315.9736701835102,1.0195343697498105,2.100772563721173,0.012493273830520846,80.04307066071166,0.7213865162638999,17.64902687072754,-8.10001277923584,9.5490140914917,-12.100028038024902,32.369163513183594,5,left,24.270274103362887,87.3729867721064
512.0718747766488,-114.13697814941406,-313.37705993652344,8.69012451171875,-114.93125122674458,-313.87579379563834,0.9378726905074952,2.131487161671045,0.010752927175549709,92.99793290461658,0.2882909288342894,18.548026084899902,-8.000012397766113,10.548013687133789,-11.650026321411133,34.80228805541992,5,left,23.059834670081454,83.01540481229324
514.4311906510114,-115.4154052734375,-311.3941345214844,8.691635131835938,-116.12871917822959,-311.8633074543246,0.8537798121762198,2.152591334360802,0.008650824757185427,115.59591461720387,-0.16655256499826798,19.49702548980713,-7.95001220703125,11.547013282775879,-11.100024223327637,37.16060256958008,5,left,21.8226307067944,78.56147054445984
516.7191023475027,-116.69009399414062,-309.4942321777344,8.682708740234375,-117.32234977780502,-309.9276496317971,0.7665494540232234,2.1717308934499284,0.008903048873835917,112.32107272136604,-0.7864833997306642,20.396024703979492,-7.850011825561523,12.546012878417969,-10.40002155303955,39.4474983215332,5,left,20.55186154081851,73.98670154694663
518.9383598298372,-117.96469116210938,-307.6776885986328,8.656723022460938,-118.51389861033175,-308.07130852345546,0.6756962826598156,2.1926461812710007,0.00840185356321188,119.02135552309217,-0.4364013238671749,21.295023918151855,-7.750011444091797,13.545012474060059,-9.600018501281738,41.66560363769531,5,left,19.23919586310848,69.26110510719053
521.0902830794835,-119.23207092285156,-305.93858337402344,8.66265869140625,-119.69885592431145,-306.2845289305491,0.5810047897115403,2.2085925366039416,0.014871336989715433,67.24344964353708,-0.07604598366115489,22.244023323059082,-7.700011253356934,14.544012069702148,-9.200016975402832,43.81652069091797,5,left,17.874537138966847,64.34833370028065
523.1837800044959,-120.50830078125,-304.2790985107422,8.653900146484375,-120.882243232707,-304.58405104398815,0.4825235792526722,2.2549212467686894,0.03763034573664592,26.574297430016976,-0.49294063416938094,23.243022918701172,-7.700011253356934,15.543011665344238,-9.050016403198242,45.909000396728516,5,left,16.438571046325436,59.17885576677157
525.2352982320532,-121.88287353515625,-302.7562255859375,8.642288208007812,-122.15002226875323,-303.02718855335536,0.38051199136735636,2.363282553761526,0.06185985375950853,16.165573295528347,-0.5715917693272399,23.550010204315186,-7.610008716583252,15.940001487731934,-9.000016212463379,47.95948791503906,5,left,14.89772355435656,53.631804795683614
527.2763662016944,-123.43450927734375,-301.43023681640625,8.630508422851562,-123.59755396025052,-301.6521308091889,0.27535524810178047,2.507899575195551,0.0733957652993219,13.624764261559365,-0.46964970857521493,22.461008071899414,-7.52000617980957,14.941001892089844,-8.950016021728516,49.9995231628418,5,left,13.676937238426941,49.23697405833699
529.3328267484239,-125.18290710449219,-300.3476104736328,8.623077392578125,-125.25987444330482,-300.49636116437625,0.16748354916396202,2.664102350986674,0.0718795629724387,13.912160267076711,0.45938797772699935,21.372005462646484,-7.4300031661987305,13.942002296447754,-9.050016403198242,49.9995231628418,5,left,13.820432738390608,49.753557858206186
531.4201527540569,-127.09983825683594,-299.52203369140625,8.650054931640625,-127.1187319551888,-299.57611656437996,0.05728812256080017,2.805499542675222,0.06117552735371834,16.34640587923299,2.2746986084350773,20.283003330230713,-7.340000629425049,12.943002700805664,-9.300017356872559,47.91337203979492,5,left,14.98081685696118,53.93094068506025
533.5435634273806,-129.14120483398438,-298.94163513183594,8.719573974609375,-129.12920032634324,-298.8880465319956,-0.05491672091955431,2.9212184789669653,0.05179894871619595,19.305411109382817,3.2255539818735635,19.45400333404541,-7.510000228881836,11.944003105163574,-9.600018501281738,45.79209899902344,5,left,16.280355456750954,58.609279644303435
535.6907034629444,-131.25733947753906,-298.5845184326172,8.78778076171875,-131.23795779277006,-298.4167430646545,-0.16889115962507117,3.0265808312244498,0.048079500877860504,20.798884799997516,2.335041195260623,18.625003814697266,-7.680000305175781,10.945003509521484,-10.000020027160645,43.64704132080078,5,left,16.898353087607497,60.83407111538699
537.8676254349929,-133.4297637939453,-298.44842529296875,8.820037841796875,-133.4261987217049,-298.16402848403624,-0.28441915313683414,3.129057753733858,0.04558601136561635,21.93655400073582,1.5415591603142653,18.01489543914795,-8.068891525268555,9.946003913879395,-10.750022888183594,41.47135925292969,5,left,17.35435824822809,62.47568969362112
540.0724731567866,-135.63284301757812,-298.5293426513672,8.855361938476562,-135.66676493705688,-298.12957794667005,-0.40120134065415425,-3.0569407251830576,0.0411401392840548,24.307161263977115,1.8968699014847878,17.404786109924316,-8.457781791687012,8.947004318237305,-11.500025749206543,39.26779556274414,5,left,18.26801993137553,65.7648717529519
542.2964261178377,-137.83799743652344,-298.81373596191406,8.904159545898438,-137.92552146304567,-298.3024900727297,-0.5186837325640535,-2.9720388469004697,0.03757416845943762,26.61402875966579,2.511282985909302,16.794677734375,-8.846673011779785,7.948004722595215,-12.150028228759766,37.04537582397461,5,left,19.11523610082719,68.81484996297789
544.5425072421908,-140.0336151123047,-299.2828826904297,8.967758178710938,-140.19251058367493,-298.66723575156846,-0.6358214561896949,-2.889009683799798,0.036916474207063676,27.088177337603327,1.6845051445613324,16.072350025177002,-9.123345375061035,6.949004650115967,-12.650030136108398,34.80119323730469,5,left,19.284760408232472,69.42513746963691
546.8038026003805,-142.19857788085938,-299.9357604980469,8.979736328125,-142.44608952499607,-299.22693417826014,-0.7507974198181719,-2.8056439185198228,0.03698918962381026,27.034925884299216,0.8379860876834622,15.350022315979004,-9.400017738342285,5.950004577636719,-13.050031661987305,32.54092788696289,5,left,19.265795553066788,69.35686399104044
549.0831863002777,-144.3160858154297,-300.7790069580078,9.00592041015625,-144.66749233602172,-299.9932573482332,-0.8607490876995016,-2.7210491843455467,0.03365201939112994,29.71589872147708,1.3214389517665737,14.750020027160645,-9.550018310546875,5.2000017166137695,-13.350032806396484,30.262693405151367,5,left,20.198484732171433,72.71454503581717
551.4492167088642,-146.43775939941406,-301.8255920410156,9.041427612304688,-146.89172164533255,-300.97790254306256,-0.9615920162206336,-2.649927514957468,0.024527091925841238,40.771241981052825,1.4531353914587264,14.350018501281738,-9.650018692016602,4.699999809265137,-13.550033569335938,27.89792823791504,5,left,21.532895358753752,77.51842329151351
554.0074082685275,-148.6602783203125,-303.0918731689453,9.077285766601562,-149.19831535448313,-302.1924726868779,-1.0480482227847143,-2.6024849061993325,0.013790128030962245,72.5156429117085,1.0996233179518589,14.000017166137695,-9.700018882751465,4.2999982833862305,-13.75003433227539,25.340988159179688,5,left,22.888317473147954,82.39794290333263
556.7931555862111,-151.03074645996094,-304.5550231933594,9.0987548828125,-151.62539317964453,-303.61304457288037,-1.113969677625916,-2.5784943321940865,0.005784968313772398,172.8617938354612,0.6586655706410482,13.850016593933105,-9.800019264221191,4.049997329711914,-13.90003490447998,22.55632209777832,5,left,24.278391919373902,87.40221090974605
559.7718939885872,-153.54129028320312,-306.1580810546875,9.11480712890625,-154.16475546263442,-305.1882222248914,-1.1529679005491786,-2.5702664799081276,0.0010646427736981101,939.2821937131372,1.274557605220017,13.850017309188843,-9.950019836425781,3.8999974727630615,-14.05003547668457,19.57862663269043,5,left,25.681662369860458,92.45398453149765
562.8140397161117,-156.10025024414062,-307.8020324707031,9.176437377929688,-156.72514578794787,-306.8255851295922,-1.159285922726928,-2.5723018069672823,-0.0019670406301318666,508.37790774711243,2.7254404481089844,13.800018072128296,-10.100020408630371,3.699997663497925,-14.150035858154297,16.538105010986328,5,left,27.03974116438051,97.34306819176983
565.8630547571518,-158.67405700683594,-309.4333190917969,9.280914306640625,-159.2729775076073,-308.476595514157,-1.1287275004429742,-2.582265893460032,-0.004106344782171534,243.5255812764889,4.073265529998804,13.800019025802612,-10.300021171569824,3.499997854232788,-14.35003662109375,13.491880416870117,5,left,28.33565065923159,102.00834237323373
568.9159307344785,-161.2706298828125,-311.03240966796875,9.425033569335938,-161.81915357606746,-310.1260455434689,-1.0594216196786181,-2.597364753242124,-0.004754787602924915,210.3143365194375,5.487332946123269,13.750020027160645,-10.500021934509277,3.249998092651367,-14.550037384033203,13.085949897766113,5,left,29.576366666129466,106.47491999806608
571.9687254181437,-163.88906860351562,-312.5902557373047,9.615951538085938,-164.3706932335,-311.7688110162449,-0.95222566336168,-2.6112970916793516,-0.0025317051629283327,394.99070217297174,6.912676214262792,13.700021505355835,-10.800023078918457,2.899998426437378,-14.80003833770752,13.591412544250488,5,left,29.856493140587652,107.48337530611555
575.0164952381846,-166.51397705078125,-314.12176513671875,9.8466796875,-166.9229343753898,-313.4218027035757,-0.810674719701159,-2.612829989065068,0.0018902396276326838,529.0334544792024,8.118831943277161,13.692523002624512,-11.100024223327637,2.592498779296875,-15.050039291381836,14.096874237060547,5,left,28.63001910722847,103.0680687860225
578.0508683844151,-169.1158905029297,-315.66070556640625,10.109603881835938,-169.44615426522427,-315.11189533641874,-0.6405207422276855,-2.5998643648489854,0.005207920436246405,192.0152222449749,9.084118775992023,13.635024547576904,-11.350025177001953,2.284999370574951,-15.300040245056152,14.602336883544922,5,left,27.354361792692416,98.4757024536927
581.0500891503898,-171.6586456298828,-317.2254943847656,10.394485473632812,-171.89720209982963,-316.8450921775387,-0.4490156217957639,-2.581472866465125,-0.00032860748012530916,3043.144360617312,9.86540702723202,13.527525663375854,-11.550025939941406,1.9774997234344482,-15.500041007995605,15.10779857635498,5,left,26.03212571240316,93.71565256465138
584.010093800878,-174.16041564941406,-318.7782745361328,10.697219848632812,-174.2859891992322,-318.56891598822676,-0.24413053474577318,-2.6013191966424487,-0.01527431367740062,65.46939005708438,9.892419632169913,13.420026779174805,-11.75002670288086,1.6700000762939453,-15.700041770935059,15.613261222839355,6,right,24.657757766120103,88.76792795803237
586.9345426915678,-176.7049560546875,-320.19232177734375,10.976837158203125,-176.72032034590688,-320.1621382367815,-0.03386897644668037,-2.6707481267284683,-0.025231325734189847,39.633272168689274,8.798449488245442,13.67402696609497,-11.800026893615723,1.874000072479248,-16.05004119873047,16.118722915649414,6,right,23.220148706227917,83.5925353424205
589.8397791944693,-179.33456420898438,-321.40516662597656,11.210433959960938,-179.26778996852502,-321.56612765466946,0.1742620209535113,-2.7483528050260992,-0.029161798770585,34.29143750243152,7.862420461468234,13.728026390075684,-11.650026321411133,2.078000068664551,-16.35003662109375,16.62418556213379,6,right,21.697874914758543,78.11234969313075
592.7403979915641,-182.05262756347656,-322.3931121826172,11.433334350585938,-181.94165472497494,-322.74988743615813,0.373635587737978,-2.840034703761209,-0.03302115044700682,30.283620844913486,7.990131195096839,13.682025671005249,-11.400025367736816,2.2820003032684326,-16.65003204345703,17.129648208618164,6,right,20.390517857628804,73.4058642874637
595.6329136004765,-184.84449768066406,-323.1104278564453,11.673263549804688,-184.73240463508608,-323.6578682930115,0.5587986063464471,-2.93962589294882,-0.033745037461845984,29.633986956768254,8.820471258712681,13.636024713516235,-11.1500244140625,2.4860002994537354,-17.00002670288086,17.63511085510254,6,right,20.17062699733025,72.6142571903889
598.5129279221552,-187.6779022216797,-323.5507507324219,11.942367553710938,-187.60058155735865,-324.27233578640295,0.7257158364400792,-3.0348460475246295,-0.03268602286964928,30.594116757121697,8.775309521588781,13.490023374557495,-10.800023078918457,2.690000295639038,-17.250022888183594,18.14057159423828,6,right,20.494782583250753,73.78121729970272
601.3704117157694,-190.52052307128906,-323.7229919433594,12.177001953125,-190.50795524496272,-324.59485726632937,0.8719559000638526,-3.127178780689389,-0.0329146650807175,30.381594269535288,8.069205591848094,13.412517786026001,-10.010017395019531,3.4025003910064697,-17.30002212524414,18.646034240722656,6,right,20.423474876246537,73.52450955448754
604.2078887667166,-193.34751892089844,-323.62937927246094,12.401962280273438,-193.42784881370446,-324.62291420560103,0.9967770839299736,3.0609155371622205,-0.03442983756350115,29.044575018852065,7.695072115660739,13.335011959075928,-9.220011711120605,4.115000247955322,-16.85002899169922,19.15149688720703,6,right,19.96902537061025,71.8884913341969
607.0280532390719,-196.1359405517578,-323.26368713378906,12.612442016601562,-196.33343644797088,-324.3468823270119,1.1010524309232599,2.9612465134260018,-0.034407619900791886,29.06332966021242,7.406955271357907,13.257506370544434,-8.43000602722168,4.827500343322754,-16.05004119873047,19.656959533691406,6,right,19.975471522275786,71.91169748019283
609.8374633766671,-198.8649444580078,-322.6291198730469,12.818954467773438,-199.18658360774916,-323.77171746604074,1.187005055659701,2.8671952241820606,-0.031366656402466275,31.88098811581883,6.856296610643575,13.18000078201294,-7.640000343322754,5.5400004386901855,-15.150039672851562,20.16242218017578,6,right,20.921375885643673,75.31695318831723
612.6262675918548,-201.51043701171875,-321.76466369628906,12.996475219726562,-201.9488438834394,-322.9435659495504,1.2577802303727585,2.7855625854168626,-0.02866641531188424,34.88402680001046,5.565718475438164,13.075000762939453,-7.018333435058594,6.056667327880859,-14.250036239624023,20.667882919311523,6,right,21.884552039867106,78.78438734352159
615.3837489430548,-204.05252075195312,-320.7043914794922,13.128143310546875,-204.60560649660047,-321.8995401461044,1.316922236214832,2.7081654021115233,-0.02727265284361491,36.666766732746375,4.237004331677019,12.970000743865967,-6.396667003631592,6.573333740234375,-13.350032806396484,21.1733455657959,6,right,22.436786917283012,80.77243290221884
618.1114804715307,-206.48313903808594,-319.4705352783203,13.229202270507812,-207.14571626950732,-320.6671880471877,1.3678400625935985,2.635919206957782,-0.02797061671070794,35.751803771175766,3.2490582629305376,12.86500072479248,-5.77500057220459,7.090000152587891,-12.800030708312988,21.678808212280273,6,right,22.155080614469473,79.7582902120901
620.823996800229,-208.8019256591797,-318.0651092529297,13.305038452148438,-209.58302804804748,-319.24301381195505,1.413357736762965,2.5560433715535535,-0.02826110775655233,35.38431715466462,2.3952370868125517,12.760000705718994,-5.15333366394043,7.6066670417785645,-12.33780288696289,22.37958335876465,6,right,22.040922379853082,79.3473205674711
623.5394766639945,-211.0039520263672,-316.47703552246094,13.35919189453125,-211.8951891535963,-317.6275949797307,1.4553661675552425,2.482525055169092,-0.018428434929494697,54.26396782070195,1.587115053921817,12.655000686645508,-4.5316667556762695,8.123333930969238,-11.875575065612793,23.08035659790039,6,right,23.445973744101536,84.40550547876553
626.2571025820562,-213.12200927734375,-314.77459716796875,13.391250610351562,-214.0683569242754,-315.93146548481906,1.4946297773646429,2.4559568566296686,-0.0009564645486771495,1045.5170569396041,0.6116352889902199,12.550000667572021,-3.9100003242492676,8.640000343322754,-11.413347244262695,23.781131744384766,6,right,24.772477060470994,89.18091741769558
628.9679405199445,-215.23341369628906,-313.0744171142578,13.392471313476562,-216.17722860936712,-314.27957536286823,1.5307491611437594,2.4772133343761236,0.011997415077332152,83.3512880528235,-0.5309479464435718,12.314023733139038,-3.323333501815796,8.990690231323242,-10.951120376586914,24.48190689086914,7,left,26.028403581168458,93.70225289220645
631.6592022237612,-217.3860321044922,-311.45941162109375,13.36279296875,-218.29502745408718,-312.73002358761755,1.5622827257122398,2.5206059534767054,0.017423219680704316,57.39467321917943,-1.493227391499996,12.078047037124634,-2.7366669178009033,9.34138011932373,-10.488892555236816,25.182682037353516,7,left,25.916961134578674,93.30106008448323
634.2929891523389,-219.56443786621094,-309.9799041748047,13.313400268554688,-220.42318079292767,-311.3145227857512,1.5870243384620124,2.5698450222160476,0.01961551129071587,50.98006292975425,-2.1801899568225647,11.84207010269165,-2.1500000953674316,9.692070007324219,-10.026664733886719,25.88345718383789,7,left,24.69210745666991,88.89158684401167
636.8629666259955,-221.76023864746094,-308.6460418701172,13.249725341796875,-222.5550957055513,-310.03742245428253,1.6024161983668386,2.6225644214656287,0.022087653046536815,45.27416280458067,-2.709847356731032,11.606094241142273,-1.5633333921432495,10.042760848999023,-9.564436912536621,26.584230422973633,7,left,23.435299947533263,84.36707981111975
639.3803833351943,-223.9805450439453,-307.4619140625,13.17578125,-224.69288871702312,-308.9013426410051,1.6060473657994052,2.682049841355702,0.02559631814810548,39.06811886826056,-3.0881097500754073,11.370117425918579,-0.9766666889190674,10.393450736999512,-9.102209091186523,27.285005569458008,7,left,22.135118356580257,79.68642608368893
641.858332937812,-226.2355194091797,-306.43775939941406,13.0955810546875,-226.84430570474248,-307.9132546339328,1.5961537960837706,2.7502733783635898,0.030532514166215274,32.751970393139665,-3.2338759286885566,11.134140640497208,-0.39000001549720764,10.744140625,-9.231987953186035,28.18147850036621,7,left,20.77600880656802,74.79363170364486
644.3106194549009,-228.5365447998047,-305.5935363769531,13.016342163085938,-229.0148505249651,-307.0910241860142,1.572019753377102,2.8324291510540074,0.03671668668417105,27.235572986249615,-3.161228978775199,11.248405933380127,-0.29250001907348633,10.95590591430664,-9.361766815185547,29.077951431274414,7,left,19.33715657887288,69.61376368394237
646.7517884583997,-230.893798828125,-304.96348571777344,12.940872192382812,-231.2161946639028,-306.46341751933403,1.5341885426047157,2.9298735282896122,0.04103356342712039,24.370293888223905,-3.1493974936330105,11.362671211361885,-0.19500000774860382,11.167671203613281,-9.491546630859375,29.974424362182617,7,left,18.291728173754695,65.8502214255169
649.1938488289068,-233.3032684326172,-304.5736389160156,12.862548828125,-233.46443413930558,-306.04929400078737,1.4844299627213955,3.032807444029462,0.043646339736437945,22.911428679668976,-3.3457297756741333,11.47693745046854,-0.09750000387430191,11.379437446594238,-9.621325492858887,30.87089729309082,7,left,17.73578605210567,63.848829787580414
651.6572976116976,-235.76165771484375,-304.4412384033203,12.776687622070312,-235.75816152734924,-305.86670092721073,1.4254668113790243,-3.1391399896821865,0.0460247881020408,21.72742214006323,-3.7134157809841195,11.591202735900879,-0.0,11.591202735900879,-9.751104354858398,31.76736831665039,7,left,17.27143636359731,62.177170908950316
654.1685580308439,-238.2661895751953,-304.59593200683594,12.677597045898438,-238.10296609386612,-305.9466526078716,1.360546966083667,-3.0213339802254384,0.046495610259954634,21.50740670805373,-3.954017160411727,12.031301379203796,-0.22833335399627686,11.80296802520752,-9.88088321685791,32.663841247558594,7,left,17.183767165291467,61.86156179504928
656.7386617608109,-240.7927703857422,-305.05577087402344,12.575759887695312,-240.48710864608194,-306.31207938779465,1.2929579192170946,-2.9029283340653085,0.04533679233935661,22.05714053422138,-3.8709904379622184,12.471400022506714,-0.4566667079925537,12.01473331451416,-10.010662078857422,33.5603141784668,7,left,17.401991843116434,62.64717063521916
659.3736965080252,-243.3101043701172,-305.828125,12.476226806640625,-242.88277844007885,-306.97682058153237,1.2256055603313374,-2.785446166085439,0.04403679127484661,22.708284846611665,-3.8921334974097554,12.911499619483948,-0.6850000619888306,12.226499557495117,-10.14044189453125,34.456787109375,7,left,17.656983950477894,63.56514222172042
662.0813737668233,-245.78536987304688,-306.92027282714844,12.367645263671875,-245.25569539245637,-307.9531172567209,1.160742293141579,-2.667733137118501,0.04224934352589749,23.66900681869843,-4.302200472840045,13.351598262786865,-0.9133334159851074,12.438264846801758,-10.270220756530762,35.3532600402832,7,left,18.02662286747089,64.8958423228952
664.8605931631662,-248.1786346435547,-308.327392578125,12.23974609375,-247.56873056346598,-309.2426766919892,1.0998763548695014,-2.5538058999488444,0.04020852024760535,24.870350707809393,-5.000258056148477,13.791696906089783,-1.1416667699813843,12.650030136108398,-10.399999618530273,36.249732971191406,7,left,18.478440266327528,66.5223849587791
667.7100165604173,-250.45327758789062,-310.03662109375,12.08563232421875,-249.78076431143242,-310.83494770982117,1.0438388251737771,-2.4415252111103087,0.038774919671126895,25.789866451860984,-5.192070357727685,13.670028924942017,-1.3700001239776611,12.300028800964355,-10.81750202178955,36.49972915649414,7,left,18.816935759474745,67.74096873410909
670.6328458264334,-252.57667541503906,-312.0398712158203,11.94036865234375,-251.85646297842325,-312.72341814546496,0.9929463021144392,-2.3300809174709314,0.03730781295254604,26.804037032992465,-4.904898627458465,13.950026512145996,-2.3000001907348633,11.650026321411133,-11.235003471374512,35.54974365234375,7,left,19.18335042888582,69.06006154398895
673.6302509008243,-254.5145263671875,-314.32200622558594,11.79534912109375,-253.7604768505429,-314.89521647267645,0.9471856528271038,-2.2207782460162715,0.03509411654594752,28.49480478275424,-4.930859345065985,14.13002347946167,-3.2300000190734863,10.900023460388184,-11.652505874633789,33.049781799316406,7,left,19.7791306242695,71.2048702473702
676.697964467796,-256.23773193359375,-316.8553161621094,11.64117431640625,-255.4634414804378,-317.3264545873069,0.9063647839286649,-2.117426076296282,0.03224592279874605,31.0116725838867,-5.22408326468804,14.360021114349365,-4.160000324249268,10.200020790100098,-12.070008277893066,29.999828338623047,7,left,20.634167454071935,74.28300283465897
679.8317071739963,-257.73130798339844,-319.60498046875,11.471115112304688,-256.9478170107807,-319.9836459643307,0.8701986334836869,-2.0209993596140983,0.02960210341072711,33.78138323905805,-5.622419130153822,14.590018272399902,-5.090000152587891,9.500018119812012,-12.487510681152344,26.89987564086914,7,left,21.53590218026243,77.52924784894475
683.0357174965635,-258.988037109375,-322.54632568359375,11.284561157226562,-258.2032025978535,-322.84100956104544,0.8383339418782872,-1.9299812924279998,0.027241618543735746,36.70853838565152,-6.012657520107578,14.770015716552734,-5.920000076293945,8.850015640258789,-12.905012130737305,23.84992218017578,7,left,22.44956354015617,80.81842874456221
686.3071088469266,-260.0029754638672,-325.649658203125,11.081512451171875,-259.2228447885828,-325.8688964911238,0.8103513419772201,-1.844757712120247,0.025260686346313288,39.587206233845926,-6.298747727273191,14.950013637542725,-6.750000476837158,8.200013160705566,-13.322514533996582,21.099964141845703,7,left,23.31319425600883,83.9274993216318
689.6419733581115,-260.77012634277344,-328.88807678222656,10.868331909179688,-259.9988769528642,-329.0383298799285,0.7857490787805209,-1.7632040580060897,0.023203376814158627,43.09717538137825,-6.158639019960299,15.03001070022583,-7.580000400543213,7.450010299682617,-13.74001693725586,18.75,7,left,24.324770932843542,87.56917535823675
693.0283866345552,-261.2902069091797,-332.2283020019531,10.667816162109375,-260.531582446468,-332.31834140361514,0.7639490619643773,-1.6889313932617545,0.021092706894555446,47.409751863480594,-5.671154842514703,15.160008430480957,-8.410000801086426,6.750007629394531,-14.15751838684082,16.900028228759766,7,left,25.512804243297182,91.84609527586986
696.4451434187316,-261.5733947753906,-335.6282653808594,10.482666015625,-260.8299715116669,-335.6646937279564,0.7443152379992399,-1.6197579816315009,0.019452166722912834,51.40815489834834,-5.11794092931499,15.340005874633789,-9.24000072479248,6.100005149841309,-14.575020790100098,15.400040626525879,7,left,26.566868372607313,95.64072614138632
699.890214804134,-261.6289367675781,-339.0688934326172,10.316802978515625,-260.9028388521724,-339.05778526039103,0.7261828793401579,-1.5554990707125194,0.017191117017394952,58.16957670569882,-4.5107111205920924,15.620003700256348,-10.070000648498535,5.5500030517578125,-14.74002456665039,14.20003604888916,7,left,28.051409188335207,100.98507307800675
703.3849032158834,-261.4767150878906,-342.5571746826172,10.169937133789062,-260.7695753298617,-342.50745566527274,0.7088854759909422,-1.5006018139335464,0.014849995914714142,67.34008586555558,-3.899672317056657,15.610001564025879,-10.5600004196167,5.05000114440918,-14.905028343200684,13.250032424926758,7,left,29.481051611548967,106.13178580157629
706.9261230501079,-261.1405792236328,-346.0801086425781,10.042709350585938,-260.45376043326786,-345.9975015130174,0.6917687392854971,-1.4510963140341009,0.013278096115248106,75.3120019105476,-3.2687243660628695,15.700000762939453,-11.05000114440918,4.649999618530273,-15.070033073425293,12.500029563903809,7,left,30.862248986299253,111.10409635067731
710.5111138477382,-260.62933349609375,-349.62689208984375,9.937286376953125,-259.9642665807679,-349.51631653365604,0.6741965258641411,-1.4060411112547082,0.010986653257376688,91.01952856558728,-2.6060921709049945,15.789999008178711,-11.540000915527344,4.249998092651367,-15.235036849975586,11.90002727508545,7,left,32.20022690146336,115.92081684526809
714.1333419900275,-259.97210693359375,-353.18804931640625,9.855133056640625,-259.32945412039686,-353.05860331428,0.6555599940328476,-1.3720314604600778,0.008906730953739506,112.27463871917546,-1.8156203227058576,15.979998111724854,-12.030000686645508,3.9499974250793457,-15.400040626525879,11.45002555847168,7,left,33.4978690243651,120.59232848771437
717.7874242062136,-259.1949157714844,-356.7581787109375,9.805465698242188,-258.5762718248334,-356.6136323853935,0.6353062040907687,-1.341263841849406,0.007961440693167843,125.60540717940107,-0.9240544739986589,16.119999170303345,-12.520001411437988,3.5999977588653564,-15.400040626525879,11.050024032592773,7,left,34.757870505115626,125.12833381841625
721.5190899602538,-258.2941589355469,-360.37945556640625,9.787567138671875,-257.701375147778,-360.2233518055674,0.612993477281499,-1.3133021852633302,0.006816255627499768,146.70811287733414,-0.2985124784308901,16.309999227523804,-13.010001182556152,3.2999980449676514,-15.500041007995605,10.70002269744873,7,left,35.99913746148438,129.59689486134377
725.4405610852193,-257.24737548828125,-364.15863037109375,9.7833251953125,-256.6821558525747,-363.99522064672374,0.5883672106830218,-1.2893615670970553,0.005151942614450067,194.10154088192283,-0.16099728951302072,16.297499656677246,-13.247501373291016,3.0499982833862305,-15.950042724609375,10.40002155303955,7,left,37.259005428341624,134.13241954202985
729.6634891521575,-256.0369110107422,-368.204345703125,9.774124145507812,-255.50036029465537,-368.03904289082465,0.5614371653958091,-1.2719394116065037,0.003591161677294341,278.46142553888626,-0.2596920325196983,16.334999084472656,-13.485000610351562,2.8499984741210938,-16.85002899169922,10.250020980834961,7,left,38.56973102804224,138.85103170095206
734.2148078185231,-254.66575622558594,-372.544189453125,9.76025390625,-254.15903698401897,-372.38043075892625,0.5325235203255266,-1.2582164924298287,0.003146722166355198,317.79100509476666,-0.4051988769443349,16.47249937057495,-13.722500801086426,2.7499985694885254,-18.150009155273438,10.100020408630371,7,left,39.934243521749096,143.76327667829676
739.7264422783145,-252.59092712402344,-377.6502990722656,9.731216430664062,-252.1159145278761,-377.4871698912005,0.5022430648735874,-1.2399947375988896,0.0025356841140579643,394.37088967665494,-0.3312307842402912,17.00999927520752,-13.960000991821289,3.0499982833862305,-19.69998550415039,10.40002155303955,7,left,41.526683154745584,149.4960593570841
777.0541775248196,-253.1482696533203,-340.3285675048828,10.102081298828125,-252.68933507815504,-340.22077155907755,0.4714243419830832,-1.3400952130949366,0.009924599203513074,100.75973643812473,-3.89978903950019,10.0,-5.0,5.0,-5.0,5.0,8,left,37.19357010394821,133.89685237421355
781.2399235165955,-252.09771728515625,-344.3760528564453,9.915878295898438,-251.67370084992749,-344.25496937550406,0.440966151423167,-1.2926363763463784,0.010063903057300205,99.36502709797219,-3.8965023557494316,10.0,-5.0,5.0,-5.0,5.0,8,left,36.93525768404033,132.9669276625452
785.4384959719907,-250.87338256835938,-348.3896942138672,9.775527954101562,-250.4819666441769,-348.26213105436767,0.41167801175812946,-1.2557489846441432,0.00844221328268413,118.45234969970558,-2.682218795776481,10.0,-5.0,5.0,-5.0,5.0,8,left,38.24958422720102,137.69850321792367
789.6228981693915,-249.5125732421875,-352.3457336425781,9.690841674804688,-249.1515770629601,-352.2143930102676,0.38414659065586154,-1.2218557982631266,0.0076764362509677,130.26878193301468,-1.2004113257388482,10.0,-5.0,5.0,-5.0,5.0,8,left,39.51600455885795,142.25761641188862
793.8030255438425,-248.0256805419922,-356.25244140625,9.675048828125,-247.69250363454958,-356.1196518246027,0.35866408329671595,-1.191535588108923,0.0067604678617328995,147.91875657902642,0.01669377236632741,10.0,-5.0,5.0,-5.0,5.0,8,left,40.741844913745204,146.67064168948275
797.9955118191491,-246.42178344726562,-360.12596130371094,9.692337036132812,-246.1137422849579,-359.99371048798855,0.33523072045253677,-1.1652652154156335,0.005877971071829857,170.12673042786724,0.3886679036726681,10.0,-5.0,5.0,-5.0,5.0,8,left,41.93533255205961,150.9671971874146
802.2067895439225,-244.7148895263672,-363.9757843017578,9.70770263671875,-244.42964490165872,-363.8454332513335,0.3136174297959187,-1.1421531246355703,0.005182772041935624,192.94693880198662,0.30863958081510656,10.0,-5.0,5.0,-5.0,5.0,8,left,43.1009115951274,155.16328174245865
806.4287260378966,-242.9202117919922,-367.7972717285156,9.718353271484375,-242.6558691817759,-367.66982997929904,0.2934593924537692,-1.1215643065161214,0.005253324373004298,190.3556546286737,0.2735400683232747,10.0,-5.0,5.0,-5.0,5.0,8,left,44.23862462572387,159.25904865260594
810.6230873269865,-241.05496215820312,-371.5540466308594,9.730712890625,-240.8107149618975,-371.4291046955101,0.2743486470022843,-1.0979602894184892,0.00581686177872176,171.91400415564755,0.3317846391788448,10.0,-5.0,5.0,-5.0,5.0,8,left,45.340646535986565,163.22632752955164
814.7684254677492,-239.11920166015625,-375.21961975097656,9.745986938476562,-238.8943460134855,-375.0974441048383,0.2559041819686324,-1.0730718795927012,0.00552866181078604,180.87559598039957,0.3063531209280601,10.0,-5.0,5.0,-5.0,5.0,8,left,46.4040810809646,167.05469189147257
818.9009407228933,-237.10482788085938,-378.8279266357422,9.756088256835938,-236.8982859656836,-378.71004852398784,0.23781255634479967,-1.0521826671509704,0.0037389137190804167,267.4573619863978,0.27634452564364587,10.0,-5.0,5.0,-5.0,5.0,9,straight,47.4405043682421,170.78581572567157
823.0565920631603,-235.02383422851562,-382.4249725341797,9.768905639648438,-234.8340026392515,-382.31409041415674,0.21984284574059,-1.0421442011193198,0.0011750132980444805,851.0541979943998,0.2641841564811731,10.0,-5.0,5.0,-5.0,5.0,9,straight,48.46038277223643,174.45737798005115
827.2734103056673,-232.8966064453125,-386.06590270996094,9.778152465820312,-232.72227886925992,-385.96415925916233,0.20184606400118915,-1.0424977888758427,-0.0008537427027118794,1171.3130862770952,0.1366936295377874,10.0,-5.0,5.0,-5.0,5.0,9,straight,49.47378663408112,178.10563188269205
831.6589316137084,-230.7000732421875,-389.8616943359375,9.780380249023438,-230.5407075709364,-389.77022679875523,0.18374908851882338,-1.0497533479038168,-0.0019316077234412532,517.7034590742117,-0.04527648059524658,10.0,-5.0,5.0,-5.0,5.0,9,straight,50.50616811835746,181.82220522608685
836.2385486812001,-228.4420166015625,-393.8459167480469,9.773712158203125,-228.2976044779701,-393.76497326768543,0.1655497159571198,-1.0599248965980044,-0.0023388987209993495,427.55164685913655,-0.1906306897375476,10.0,-5.0,5.0,-5.0,5.0,9,straight,51.562182868024394,185.62385832488783
840.9788332442978,-226.1492919921875,-397.9948425292969,9.762466430664062,-226.01995473304117,-397.9243185238631,0.14731517893925483,-1.0715901878052878,-0.002472697029295645,404.416711045612,-0.42055834507612744,10.0,-5.0,5.0,-5.0,5.0,9,straight,52.63293503103616,189.47856611173017
845.7597285621038,-223.88507080078125,-402.2054748535156,9.7335205078125,-223.77092645264312,-402.1449828968701,0.12918285114783778,-1.0834688533736887,-0.0024061586763300946,415.6001887311993,-0.6608701189017907,10.0,-5.0,5.0,-5.0,5.0,9,straight,53.69123588580675,193.2884491889043
850.5736545625248,-221.6559600830078,-406.47206115722656,9.699020385742188,-221.55698505498648,-406.4210202238508,0.11136082368451275,-1.0946716497905835,-0.0022974492078638997,435.26533538896837,-0.42859571576022715,10.0,-5.0,5.0,-5.0,5.0,9,straight,54.736177988001785,197.05024075680643
855.4112841741505,-219.46363830566406,-410.78440856933594,9.692291259765625,-219.37952265675395,-410.7421921389574,0.09411519210772797,-1.1056413999941381,-0.0021628934860806748,462.3436181372366,-0.15206976801029892,10.0,-5.0,5.0,-5.0,5.0,9,straight,55.76654407230423,200.75955866029523
860.2725584008788,-217.30325317382812,-415.1392517089844,9.68426513671875,-217.2334093397773,-415.10506838457405,0.07776027792299527,-1.1156443827089273,-0.001998745139964453,500.3139119666776,-0.23941831421010473,10.0,-5.0,5.0,-5.0,5.0,9,straight,56.78311539108749,204.41921540791498
865.1592944344085,-215.1751708984375,-419.5382537841797,9.668914794921875,-215.11866248920037,-419.51125797085274,0.0626256676746352,-1.1251221787127883,-0.0016863162957605482,593.0085610356914,-0.375263258153713,10.0,-5.0,5.0,-5.0,5.0,9,straight,55.81702736347519,200.9412985085107
870.0686669525574,-213.07305908203125,-423.9747619628906,9.647476196289062,-213.02868192725455,-423.9539435229139,0.0490177448393873,-1.13215223153338,-0.001059165534443185,944.1394829050126,-0.4937794093083592,10.0,-5.0,5.0,-5.0,5.0,9,straight,54.7721986822027,197.17991525592973
874.9720703482899,-210.99859619140625,-428.4176483154297,9.620468139648438,-210.96488505839088,-428.40197187295934,0.03717783395661944,-1.135519980631421,-0.0003588878434163112,2786.38582594729,-0.6069614198801365,10.0,-5.0,5.0,-5.0,5.0,9,straight,53.7083554234987,193.35007952459534
879.8076551187538,-208.95925903320312,-432.8020477294922,9.58843994140625,-208.9345513699559,-432.7905632620379,0.027246313802912706,-1.1356916080344703,0.00011759872120808978,8503.493828223776,-0.7518986052664989,10.0,-5.0,5.0,-5.0,5.0,9,straight,52.63817352988812,189.49742470759725
884.5782421537466,-206.94664001464844,-437.1271209716797,9.548355102539062,-206.929201366279,-437.1189880512078,0.019241903553326715,-1.1344100745365395,4.337328377346239e-06,230556.6729102126,-0.933620459866058,10.0,-5.0,5.0,-5.0,5.0,9,straight,51.56061449333692,185.61821217601292
889.3517722728568,-204.93301391601562,-441.4548797607422,9.49932861328125,-204.921169345383,-441.44937366479866,0.013061812508628114,-1.135651768228504,-0.0005304934776770853,1885.0373135194438,-1.010601941374556,10.0,-5.0,5.0,-5.0,5.0,9,straight,50.459363382709576,181.65370817775448
894.1360788871717,-202.9259490966797,-445.7975769042969,9.451766967773438,-202.91822512519533,-445.79402227412913,0.00850265435735589,-1.1394862785053481,-0.0009677714666441739,1033.3018015788182,-0.9834046275264074,10.0,-5.0,5.0,-5.0,5.0,9,straight,49.33096496001351,177.59147385604865
898.906397881842,-200.94195556640625,-450.135498046875,9.405364990234375,-200.93713250288346,-450.1333099629713,0.0052961923034175505,-1.1448938169320573,-0.0010623072283013624,941.3472612805317,-0.9120297324949123,10.0,-5.0,5.0,-5.0,5.0,9,straight,48.17956067504434,173.44641843015964
903.5851539773248,-199.01885986328125,-454.40057373046875,9.365478515625,-199.01598487846192,-454.39928549624096,0.0031504103124918767,-1.1495370259051583,-0.0011275648172137664,886.8669762781518,-0.786779645529867,10.0,-5.0,5.0,-5.0,5.0,9,straight,47.02287794815669,169.2823606133641
908.164102782661,-197.1581268310547,-458.5842742919922,9.3323974609375,-197.15649251170294,-458.58355327178634,0.001786300613192429,-1.1553057866584306,-0.001092268576481814,915.5257429642348,-0.5897001004435243,10.0,-5.0,5.0,-5.0,5.0,9,straight,45.8626328790967,165.10547836474814
912.63944953582,-195.35926818847656,-462.68212890625,9.311813354492188,-195.35838489194433,-462.6817435949808,0.000963679167585843,-1.15946107791355,-0.0006519161213297542,1533.9396699689482,-0.3150504045687397,10.0,-5.0,5.0,-5.0,5.0,9,straight,44.699547116657925,160.91836961996853
917.0055214599839,-193.61663818359375,-466.6853485107422,9.304229736328125,-193.61618535049797,-466.6851518746171,0.0004936836824648157,-1.1611293560786653,-0.00032736989820392193,3054.648596240483,-0.22741428827151022,10.0,-5.0,5.0,-5.0,5.0,9,straight,43.53492641856737,156.72573510684254
921.255246205011,-191.92726135253906,-470.5848388671875,9.292343139648438,-191.92704149265055,-470.5847437004965,0.00023957268135446543,-1.1622941962011144,-0.0006317747544910546,1582.8426078936639,-0.3277298075634816,10.0,-5.0,5.0,-5.0,5.0,9,straight,42.37060852359934,152.53419068495762
925.3911331265228,-190.28823852539062,-474.38206481933594,9.27685546875,-190.288137661687,-474.3820216448292,0.00010971565403395785,-1.166346830189247,-0.0013198878582495466,757.6401235527795,-0.3514423142943812,10.0,-5.0,5.0,-5.0,5.0,9,straight,41.20590245960986,148.3412488545955
929.4065421036809,-188.7187957763672,-478.0780334472656,9.263641357421875,-188.71875235922425,-478.07801520204987,4.7094970001223475e-05,-1.1729722568193397,-0.0026611398435831823,375.77882365382044,-0.3587311930796311,10.0,-5.0,5.0,-5.0,5.0,9,straight,40.0427258367965,144.1538130124674
933.3011269560619,-187.2329864501953,-481.6780242919922,9.248550415039062,-187.23296912775868,-481.6780172999599,1.868034599987244e-05,-1.1871557659781897,-0.004217606106143301,237.10132592595954,-0.35818984308801927,10.0,-5.0,5.0,-5.0,5.0,9,straight,38.88132069694397,139.97275450899832
937.0715459801536,-185.84829711914062,-485.18495178222656,9.236114501953125,-185.8482909302572,-485.18494941280005,6.626949534315183e-06,-1.2051595256610699,-0.005496031004712187,181.94948302559064,-0.3443521581656839,10.0,-5.0,5.0,-5.0,5.0,9,straight,37.72289315262475,135.8024153494491
940.7160374958709,-184.5802764892578,-488.6017150878906,9.223052978515625,-184.5802746702279,-488.6017144381497,1.931588224392262e-06,-1.2277297820402455,-0.006648462119040688,150.4107238779441,-0.4430656160771429,10.0,-5.0,5.0,-5.0,5.0,9,straight,36.56829311398171,131.64585521033416
944.2341391337908,-183.4342041015625,-491.9278564453125,9.20458984375,-183.43420377130445,-491.9278563365536,3.4770515295001947e-07,-1.2526666142550555,-0.006969743227137393,143.47730861969202,-0.5608159684730163,10.0,-5.0,5.0,-5.0,5.0,9,straight,35.41804853240879,127.50497471667164
947.6240375674092,-182.40818786621094,-495.15869140625,9.184402465820312,-182.40818786621094,-495.15869140625,0.0,-1.2759065758344348,-0.0054239604843477895,184.3671248870181,-0.41510844912269196,10.0,-5.0,5.0,-5.0,5.0,9,straight,34.273220565134494,123.38359403448418
950.8795179724723,-181.47866821289062,-498.2786407470703,9.176528930664062,-181.47866821289062,-498.2786407470703,0.0,-1.2890881456593921,-0.002747691676564079,363.94185291214166,-0.288483615060664,10.0,-5.0,5.0,-5.0,5.0,9,straight,33.13657784551703,119.29168024386132
953.9702311198765,-180.62059020996094,-501.2478332519531,9.166244506835938,-180.62059020996094,-501.2478332519531,0.0,-1.2937619459080403,-0.0003860897208759484,2590.0715453683433,-0.4442926727294072,10.0,-5.0,5.0,-5.0,5.0,9,straight,32.020148193024184,115.27253349488707
957.0269147974082,-179.78379821777344,-504.1876983642578,9.1492919921875,-179.78379821777344,-504.1876983642578,0.0,-1.2915378128546662,0.001974910539598085,506.3520498520964,-0.7068923199032628,10.0,-5.0,5.0,-5.0,5.0,9,straight,30.876332449567144,111.15479681844172
960.0879222287492,-178.9359130859375,-507.1288146972656,9.12298583984375,-178.9359130859375,-507.1288146972656,0.0,-1.281669259757928,0.004715462102028445,212.06829327921673,-0.7409766071521995,10.0,-5.0,5.0,-5.0,5.0,10,left,29.68676737323292,106.87236254363852
963.12207829104,-178.0557403564453,-510.0324401855469,9.10406494140625,-178.0557403564453,-510.0324401855469,0.0,-1.2628760470470204,0.008356912644112757,119.66141595418924,-0.41789793011508536,10.0,-5.0,5.0,-5.0,5.0,10,left,28.458608211868224,102.45098956272561
966.0502610397554,-177.12994384765625,-512.8104095458984,9.097640991210938,-177.12994384765625,-512.8104095458984,0.0,-1.232292955613293,0.011639657383801683,85.9131817223116,-0.18212926199934198,10.0,-5.0,5.0,-5.0,5.0,10,left,27.2208521047773,97.99506757719828
968.8250219972665,-176.1660919189453,-515.4123840332031,9.09356689453125,-176.1660919189453,-515.4123840332031,0.0,-1.1968528872770456,0.014142959440610947,70.70655927418838,-0.10814469068867183,10.0,-5.0,5.0,-5.0,5.0,10,left,25.993617031967958,93.57702131508465
971.4461311270852,-175.16336059570312,-517.8341064453125,9.091690063476562,-175.16336059570312,-517.8341064453125,0.0,-1.1563889314945937,0.01826257872051107,54.75677971352862,-0.07170405240559674,10.0,-5.0,5.0,-5.0,5.0,10,left,24.778575559736414,89.20287201505108
973.9538661551229,-174.09901428222656,-520.1047668457031,9.089889526367188,-174.09901428222656,-520.1047668457031,0.0,-1.1038136452942904,0.023164267125874938,43.16993905164306,-0.04809385416626455,10.0,-5.0,5.0,-5.0,5.0,10,left,23.55750104444596,84.80700376000546
976.3774447224641,-172.94796752929688,-522.2375640869141,9.089279174804688,-172.94796752929688,-522.2375640869141,0.0,-1.0425225790225974,0.027573623670267722,36.26654269160448,-0.016683260385241816,10.0,-5.0,5.0,-5.0,5.0,10,left,22.314000251888324,80.33040090679796
978.7317444561296,-171.69549560546875,-524.2310638427734,9.089080810546875,-171.69549560546875,-524.2310638427734,0.0,-0.97238218788897,0.029880610188368406,33.46651871216703,-0.0011363395042707225,10.0,-5.0,5.0,-5.0,5.0,10,left,21.435302890795406,77.16709040686347
981.0292885543632,-170.3418426513672,-526.0874938964844,9.089218139648438,-170.3418426513672,-526.0874938964844,0.0,-0.9035325317557382,0.030276302822340062,33.02913192102594,-0.018380025482933604,10.0,-5.0,5.0,-5.0,5.0,10,left,21.29476910357707,76.66116877287746
983.2959736004008,-168.883056640625,-527.8223724365234,9.0882568359375,-168.883056640625,-527.8223724365234,0.0,-0.834213188173946,0.02840320322078349,35.207296593514826,-0.04123732950058745,10.0,-5.0,5.0,-5.0,5.0,10,left,21.9857201199849,79.14859243194564
985.5032398438134,-167.35484313964844,-529.4150390625,9.087371826171875,-167.35484313964844,-529.4150390625,0.0,-0.776202476442467,0.02380842104528491,42.00194536621919,-0.064095146877019,10.0,-5.0,5.0,-5.0,5.0,10,left,23.137027017502025,83.29329726300729
987.6359953503132,-165.80055236816406,-530.8754577636719,9.08551025390625,-165.80055236816406,-530.8754577636719,0.0,-0.730521772106474,0.022452636925256675,44.53819848995612,-0.12242847551013902,10.0,-5.0,5.0,-5.0,5.0,10,left,22.467493248258585,80.88297569373091
989.6710037258276,-164.25604248046875,-532.2005004882812,9.08233642578125,-164.25604248046875,-532.2005004882812,0.0,-0.6828226971048066,0.02770583174617247,36.09348418634459,-0.2629673439582536,10.0,-5.0,5.0,-5.0,5.0,10,left,21.375040985569438,76.95014754804998
991.6108998794875,-162.71588134765625,-533.3799285888672,9.07525634765625,-162.71588134765625,-533.3799285888672,0.0,-0.6211863772319862,0.033385553357546005,29.953075490179764,-0.400970076746221,10.0,-5.0,5.0,-5.0,5.0,10,left,20.2789314032589,73.00415305173203
993.474653563299,-161.1678924560547,-534.4178314208984,9.067138671875,-161.1678924560547,-534.4178314208984,0.0,-0.5560764907790042,0.034540105789738984,28.951851105710144,-0.4657773889136685,10.0,-5.0,5.0,-5.0,5.0,10,left,19.93712463983052,71.77364870338988
995.2808082844654,-159.60610961914062,-535.3249969482422,9.058197021484375,-159.60610961914062,-535.3249969482422,0.0,-0.494382585844292,0.03430390219240853,29.15120251891636,-0.5255040165516256,10.0,-5.0,5.0,-5.0,5.0,10,left,20.005646609269682,72.02032779337085
997.0842075125656,-157.9944610595703,-536.1341552734375,9.048171997070312,-157.9944610595703,-536.1341552734375,0.0,-0.43225551081644237,0.03644539753127085,27.43830682988108,-0.25835838683314627,10.0,-5.0,5.0,-5.0,5.0,10,left,19.400130007073663,69.84046802546519
998.9262766588402,-156.2987060546875,-536.8536224365234,9.04901123046875,-156.2987060546875,-536.8536224365234,0.0,-0.3613660622380043,0.04122789897860568,24.25541986796194,-0.1891887853115115,10.0,-5.0,5.0,-5.0,5.0,10,left,18.24856647924457,65.69483932528046
1000.8215778044137,-154.50274658203125,-537.4591217041016,9.040847778320312,-154.50274658203125,-537.4591217041016,0.0,-0.2778751951822998,0.04405150455941965,22.700700237176516,-0.43072058324363355,10.0,-5.0,5.0,-5.0,5.0,10,left,17.654034971452557,63.554525897229205
